<?xml version="1.0" encoding="UTF-8"?>

<!-- generated on 2025-04-27 17:29:18 by Eclipse SUMO netconvert Version 1.22.0
<netconvertConfiguration xmlns:xsi="http://www.w3.org/2001/XMLSchema-instance" xsi:noNamespaceSchemaLocation="http://sumo.dlr.de/xsd/netconvertConfiguration.xsd">

    <input>
        <node-files value="/home/ubuntu/workspace/RND_generate_sumo_model/src/notraffic/dev/traffic_simulation/data/c8/hw_model/hw_model.nod.xml"/>
        <edge-files value="/home/ubuntu/workspace/RND_generate_sumo_model/src/notraffic/dev/traffic_simulation/data/c8/hw_model/hw_model.edg.xml"/>
        <connection-files value="/home/ubuntu/workspace/RND_generate_sumo_model/src/notraffic/dev/traffic_simulation/data/c8/hw_model/hw_model.con.xml"/>
    </input>

    <output>
        <output-file value="/home/ubuntu/workspace/RND_generate_sumo_model/src/notraffic/dev/traffic_simulation/data/c8/hw_model/hw_model.net.xml"/>
    </output>

</netconvertConfiguration>
-->

<net version="1.20" junctionCornerDetail="5" limitTurnSpeed="5.50" xmlns:xsi="http://www.w3.org/2001/XMLSchema-instance" xsi:noNamespaceSchemaLocation="http://sumo.dlr.de/xsd/net_file.xsd">

    <location netOffset="1055.28,250.00" convBoundary="0.00,0.00,1305.28,500.48" origBoundary="-10000000000.00,-10000000000.00,10000000000.00,10000000000.00" projParameter="!"/>

    <edge id=":I2_0" function="internal">
        <lane id=":I2_0_0" index="0" speed="8.83" length="4.00" shape="238.81,270.49 238.60,266.50"/>
    </edge>
    <edge id=":I2_1" function="internal">
        <lane id=":I2_1_0" index="0" speed="13.89" length="36.94" shape="242.01,270.49 245.19,233.69"/>
        <lane id=":I2_1_1" index="1" speed="13.89" length="36.94" shape="245.21,270.49 248.39,233.68"/>
    </edge>
    <edge id=":I2_3" function="internal">
        <lane id=":I2_3_0" index="0" speed="11.84" length="32.30" shape="248.41,270.48 249.56,261.03 253.00,254.28 258.75,250.23 266.80,248.87"/>
    </edge>
    <edge id=":I2_17" function="internal">
        <lane id=":I2_17_0" index="0" speed="8.83" length="13.50" shape="238.60,266.50 238.46,263.84 237.41,259.09 235.65,256.24 233.20,255.29"/>
    </edge>
    <edge id=":I2_4" function="internal">
        <lane id=":I2_4_0" index="0" speed="8.10" length="4.00" shape="266.81,264.87 262.82,265.14"/>
    </edge>
    <edge id=":I2_5" function="internal">
        <lane id=":I2_5_0" index="0" speed="13.89" length="34.33" shape="266.81,261.67 255.75,260.68 247.34,258.49 240.27,256.29 233.20,255.29"/>
        <lane id=":I2_5_1" index="1" speed="13.89" length="34.33" shape="266.80,258.47 255.75,257.48 247.34,255.29 240.27,253.09 233.20,252.09"/>
    </edge>
    <edge id=":I2_7" function="internal">
        <lane id=":I2_7_0" index="0" speed="12.28" length="34.84" shape="266.80,255.27 257.35,253.93 250.60,249.88 246.55,243.14 245.19,233.69"/>
        <lane id=":I2_7_1" index="1" speed="11.36" length="29.67" shape="266.80,252.07 258.75,250.93 253.00,247.48 249.54,241.73 248.39,233.68"/>
    </edge>
    <edge id=":I2_18" function="internal">
        <lane id=":I2_18_0" index="0" speed="8.10" length="10.57" shape="262.82,265.14 261.56,265.23 257.81,266.28 255.56,268.03 254.81,270.48"/>
    </edge>
    <edge id=":I2_9" function="internal">
        <lane id=":I2_9_0" index="0" speed="8.10" length="4.00" shape="261.19,233.68 261.46,237.67"/>
    </edge>
    <edge id=":I2_10" function="internal">
        <lane id=":I2_10_0" index="0" speed="13.89" length="36.94" shape="257.99,233.68 254.81,270.48"/>
        <lane id=":I2_10_1" index="1" speed="13.89" length="36.94" shape="254.79,233.68 251.61,270.48"/>
    </edge>
    <edge id=":I2_12" function="internal">
        <lane id=":I2_12_0" index="0" speed="11.36" length="29.67" shape="251.59,233.68 250.44,241.73 247.00,247.49 241.25,250.94 233.20,252.09"/>
    </edge>
    <edge id=":I2_19" function="internal">
        <lane id=":I2_19_0" index="0" speed="8.10" length="10.57" shape="261.46,237.67 261.54,238.93 262.60,242.68 264.35,244.93 266.80,245.67"/>
    </edge>
    <edge id=":I2_13" function="internal">
        <lane id=":I2_13_0" index="0" speed="8.10" length="4.00" shape="233.19,239.29 237.18,239.03"/>
    </edge>
    <edge id=":I2_14" function="internal">
        <lane id=":I2_14_0" index="0" speed="13.89" length="33.78" shape="233.20,242.49 244.16,242.99 252.57,244.08 259.70,245.18 266.80,245.67"/>
        <lane id=":I2_14_1" index="1" speed="13.89" length="33.78" shape="233.20,245.69 244.16,246.19 252.58,247.28 259.70,248.38 266.80,248.87"/>
    </edge>
    <edge id=":I2_16" function="internal">
        <lane id=":I2_16_0" index="0" speed="11.84" length="32.30" shape="233.20,248.89 241.25,250.24 247.00,254.29 250.46,261.03 251.61,270.48"/>
    </edge>
    <edge id=":I2_20" function="internal">
        <lane id=":I2_20_0" index="0" speed="8.10" length="10.57" shape="237.18,239.03 238.44,238.94 242.19,237.89 244.44,236.14 245.19,233.69"/>
    </edge>
    <edge id=":I2_E_zip_0" function="internal">
        <lane id=":I2_E_zip_0_0" index="0" speed="13.89" length="2.56" shape="313.85,261.65 313.85,264.85"/>
        <lane id=":I2_E_zip_0_1" index="1" speed="13.89" length="2.56" shape="313.85,261.65 313.85,261.65"/>
        <lane id=":I2_E_zip_0_2" index="2" speed="13.89" length="2.56" shape="313.85,258.45 313.85,258.45"/>
        <lane id=":I2_E_zip_0_3" index="3" speed="13.89" length="2.56" shape="313.85,258.45 313.85,255.25"/>
        <lane id=":I2_E_zip_0_4" index="4" speed="13.89" length="2.56" shape="313.85,258.45 313.84,252.05"/>
    </edge>
    <edge id=":I2_N_zip_0" function="internal">
        <lane id=":I2_N_zip_0_0" index="0" speed="13.89" length="1.60" shape="242.04,315.47 238.84,315.48"/>
        <lane id=":I2_N_zip_0_1" index="1" speed="13.89" length="1.60" shape="242.04,315.47 242.04,315.47"/>
        <lane id=":I2_N_zip_0_2" index="2" speed="13.89" length="1.60" shape="245.24,315.47 245.24,315.47"/>
        <lane id=":I2_N_zip_0_3" index="3" speed="13.89" length="1.60" shape="245.24,315.47 248.44,315.47"/>
    </edge>
    <edge id=":I2_S_zip_0" function="internal">
        <lane id=":I2_S_zip_0_0" index="0" speed="13.89" length="1.60" shape="257.96,184.24 261.16,184.24"/>
        <lane id=":I2_S_zip_0_1" index="1" speed="13.89" length="1.60" shape="257.96,184.24 257.96,184.24"/>
        <lane id=":I2_S_zip_0_2" index="2" speed="13.89" length="1.60" shape="254.76,184.24 254.76,184.24"/>
        <lane id=":I2_S_zip_0_3" index="3" speed="13.89" length="1.60" shape="254.76,184.24 251.56,184.24"/>
    </edge>
    <edge id=":I2_W_zip_0" function="internal">
        <lane id=":I2_W_zip_0_0" index="0" speed="13.89" length="1.60" shape="188.32,242.52 188.32,239.32"/>
        <lane id=":I2_W_zip_0_1" index="1" speed="13.89" length="1.60" shape="188.32,242.52 188.32,242.52"/>
        <lane id=":I2_W_zip_0_2" index="2" speed="13.89" length="1.60" shape="188.32,245.72 188.32,245.72"/>
        <lane id=":I2_W_zip_0_3" index="3" speed="13.89" length="1.60" shape="188.32,245.72 188.33,248.92"/>
    </edge>
    <edge id=":I3_0" function="internal">
        <lane id=":I3_0_0" index="0" speed="8.51" length="4.00" shape="1047.30,268.60 1047.06,264.61"/>
        <lane id=":I3_0_1" index="1" speed="9.67" length="4.00" shape="1050.50,268.60 1050.20,264.61"/>
    </edge>
    <edge id=":I3_2" function="internal">
        <lane id=":I3_2_0" index="0" speed="13.89" length="37.34" shape="1050.50,268.60 1053.67,231.40"/>
    </edge>
    <edge id=":I3_3" function="internal">
        <lane id=":I3_3_0" index="0" speed="10.72" length="26.30" shape="1053.70,268.60 1054.44,259.76 1056.69,253.45 1060.43,249.66 1065.68,248.39"/>
    </edge>
    <edge id=":I3_17" function="internal">
        <lane id=":I3_17_0" index="0" speed="8.51" length="12.21" shape="1047.06,264.61 1046.94,262.57 1045.89,258.26 1044.14,255.67 1041.69,254.81"/>
        <lane id=":I3_17_1" index="0" speed="9.67" length="17.22" shape="1050.20,264.61 1049.94,261.17 1048.29,255.85 1045.54,252.67 1041.68,251.61"/>
    </edge>
    <edge id=":I3_4" function="internal">
        <lane id=":I3_4_0" index="0" speed="7.33" length="4.00" shape="1065.69,262.99 1061.84,263.35 1061.72,263.39"/>
    </edge>
    <edge id=":I3_5" function="internal">
        <lane id=":I3_5_0" index="0" allow="bicycle" speed="13.89" length="24.28" width="1.80" shape="1065.69,260.49 1058.54,260.00 1053.69,258.90 1048.84,257.80 1041.69,257.31"/>
        <lane id=":I3_5_1" index="1" speed="13.89" length="24.28" shape="1065.69,257.99 1058.53,257.50 1053.69,256.40 1048.84,255.30 1041.69,254.81"/>
        <lane id=":I3_5_2" index="2" speed="13.89" length="24.28" shape="1065.69,254.79 1058.53,254.30 1053.69,253.20 1048.84,252.10 1041.68,251.61"/>
    </edge>
    <edge id=":I3_8" function="internal">
        <lane id=":I3_8_0" index="0" speed="10.72" length="26.30" shape="1065.68,251.59 1060.43,250.33 1056.68,246.55 1054.43,240.24 1053.67,231.40"/>
    </edge>
    <edge id=":I3_18" function="internal">
        <lane id=":I3_18_0" index="0" speed="7.33" length="7.73" shape="1061.72,263.39 1059.09,264.40 1057.44,266.15 1056.90,268.60"/>
    </edge>
    <edge id=":I3_9" function="internal">
        <lane id=":I3_9_0" index="0" speed="8.51" length="4.00" shape="1060.07,231.40 1060.31,235.39"/>
    </edge>
    <edge id=":I3_10" function="internal">
        <lane id=":I3_10_0" index="0" speed="13.89" length="37.34" shape="1060.07,231.40 1056.90,268.60"/>
    </edge>
    <edge id=":I3_11" function="internal">
        <lane id=":I3_11_0" index="0" speed="11.17" length="28.66" shape="1056.87,231.40 1055.93,240.24 1053.08,246.55 1048.33,250.34 1041.68,251.61"/>
    </edge>
    <edge id=":I3_19" function="internal">
        <lane id=":I3_19_0" index="0" speed="8.51" length="12.21" shape="1060.31,235.39 1060.43,237.43 1061.48,241.75 1063.23,244.33 1065.68,245.19"/>
    </edge>
    <edge id=":I3_12" function="internal">
        <lane id=":I3_12_0" index="0" speed="8.10" length="4.00" shape="1041.68,237.01 1045.67,236.74"/>
    </edge>
    <edge id=":I3_13" function="internal">
        <lane id=":I3_13_0" index="0" allow="bicycle" speed="13.89" length="24.28" width="1.80" shape="1041.68,239.51 1048.83,240.00 1053.68,241.10 1058.52,242.20 1065.68,242.69"/>
        <lane id=":I3_13_1" index="1" speed="13.89" length="24.28" shape="1041.68,242.01 1048.83,242.50 1053.68,243.60 1058.53,244.70 1065.68,245.19"/>
        <lane id=":I3_13_2" index="2" speed="13.89" length="24.28" shape="1041.68,245.21 1048.84,245.70 1053.68,246.80 1058.53,247.90 1065.68,248.39"/>
    </edge>
    <edge id=":I3_16" function="internal">
        <lane id=":I3_16_0" index="0" speed="11.17" length="28.66" shape="1041.68,248.41 1048.33,249.67 1053.09,253.45 1055.94,259.76 1056.90,268.60"/>
    </edge>
    <edge id=":I3_20" function="internal">
        <lane id=":I3_20_0" index="0" speed="8.10" length="10.57" shape="1045.67,236.74 1046.93,236.65 1050.68,235.60 1052.92,233.85 1053.67,231.40"/>
    </edge>
    <edge id=":I3_E_zip_0" function="internal">
        <lane id=":I3_E_zip_0_0" index="0" speed="13.89" length="1.14" shape="1117.70,260.46 1117.70,262.96"/>
        <lane id=":I3_E_zip_0_1" index="1" speed="13.89" length="1.14" width="1.80" shape="1117.70,260.46 1117.70,260.46"/>
        <lane id=":I3_E_zip_0_2" index="2" speed="13.89" length="1.14" shape="1117.70,257.96 1117.70,257.96"/>
        <lane id=":I3_E_zip_0_3" index="3" speed="13.89" length="1.14" shape="1117.69,254.76 1117.69,254.76"/>
        <lane id=":I3_E_zip_0_4" index="4" speed="13.89" length="1.14" shape="1117.69,254.76 1117.69,251.56"/>
    </edge>
    <edge id=":I3_N_zip_0" function="internal">
        <lane id=":I3_N_zip_0_0" index="0" speed="13.89" length="1.07" shape="1047.31,295.49 1047.31,295.49"/>
        <lane id=":I3_N_zip_0_1" index="1" speed="13.89" length="1.07" shape="1050.51,295.49 1050.51,295.49"/>
        <lane id=":I3_N_zip_0_2" index="2" speed="13.89" length="1.07" shape="1050.51,295.49 1053.71,295.49"/>
    </edge>
    <edge id=":I3_S_zip_0" function="internal">
        <lane id=":I3_S_zip_0_0" index="0" speed="13.89" length="1.60" shape="1060.06,217.11 1060.06,217.11"/>
        <lane id=":I3_S_zip_0_1" index="1" speed="13.89" length="1.60" shape="1060.06,217.11 1056.86,217.11"/>
    </edge>
    <edge id=":I3_W_zip_0" function="internal">
        <lane id=":I3_W_zip_0_0" index="0" speed="13.89" length="1.14" shape="1004.37,239.53 1004.37,237.03"/>
        <lane id=":I3_W_zip_0_1" index="1" speed="13.89" length="1.14" width="1.80" shape="1004.37,239.53 1004.37,239.53"/>
        <lane id=":I3_W_zip_0_2" index="2" speed="13.89" length="1.14" shape="1004.37,242.03 1004.37,242.03"/>
        <lane id=":I3_W_zip_0_3" index="3" speed="13.89" length="1.14" shape="1004.38,245.23 1004.38,245.23"/>
        <lane id=":I3_W_zip_0_4" index="4" speed="13.89" length="1.14" shape="1004.38,245.23 1004.38,248.43"/>
    </edge>
    <edge id=":PR_2_3__0" function="internal">
        <lane id=":PR_2_3__0_0" index="0" speed="6.33" length="8.47" width="1.80" shape="654.23,234.84 654.58,236.98 655.63,238.52 657.39,239.43 659.84,239.74"/>
    </edge>
    <edge id=":PR_2_3__1" function="internal">
        <lane id=":PR_2_3__1_0" index="0" speed="3.65" length="4.67" shape="654.23,234.84 653.43,236.04 652.63,236.44 651.83,236.04 651.03,234.84"/>
    </edge>
    <edge id=":PR_2_3__2" function="internal">
        <lane id=":PR_2_3__2_0" index="0" speed="7.77" length="13.31" shape="645.44,245.45 647.89,244.78 649.64,242.79 650.69,239.48 651.03,234.84"/>
    </edge>
    <edge id=":PR_2_3__3" function="internal">
        <lane id=":PR_2_3__3_0" index="0" speed="13.89" length="14.86" shape="645.44,245.45 649.76,244.94 652.64,243.84 655.51,242.74 659.84,242.24"/>
        <lane id=":PR_2_3__3_1" index="1" speed="13.89" length="14.86" shape="645.44,248.65 649.77,248.14 652.64,247.04 655.51,245.94 659.84,245.44"/>
    </edge>
    <edge id=":PR_3_2__0" function="internal">
        <lane id=":PR_3_2__0_0" index="0" speed="5.49" length="6.13" shape="651.05,265.24 650.81,263.58 650.10,262.39 648.91,261.68 647.25,261.45"/>
    </edge>
    <edge id=":PR_3_2__1" function="internal">
        <lane id=":PR_3_2__1_0" index="0" speed="3.65" length="4.67" shape="651.05,265.24 651.85,264.04 652.65,263.64 653.45,264.04 654.25,265.24"/>
    </edge>
    <edge id=":PR_3_2__2" function="internal">
        <lane id=":PR_3_2__2_0" index="0" allow="bicycle" speed="6.36" length="9.03" width="1.80" shape="658.05,257.54 656.69,258.02 655.72,259.46 655.14,261.87 654.95,265.24"/>
    </edge>
    <edge id=":PR_3_2__3" function="internal">
        <lane id=":PR_3_2__3_0" index="0" allow="bicycle" speed="13.89" length="12.03" width="1.80" shape="658.05,257.54 654.71,258.26 652.65,259.84 650.59,261.42 647.25,262.15"/>
    </edge>
    <edge id=":PR_3_2__4" function="internal">
        <lane id=":PR_3_2__4_0" index="0" speed="7.34" length="4.03" shape="658.04,255.04 656.38,255.68 655.20,257.59"/>
    </edge>
    <edge id=":PR_3_2__5" function="internal">
        <lane id=":PR_3_2__5_0" index="0" speed="13.89" length="13.07" shape="658.04,255.04 654.59,256.04 652.65,258.24 650.70,260.44 647.25,261.45"/>
        <lane id=":PR_3_2__5_1" index="1" speed="13.89" length="13.07" shape="658.04,251.84 654.59,252.84 652.64,255.04 650.70,257.24 647.25,258.25"/>
    </edge>
    <edge id=":PR_3_2__7" function="internal">
        <lane id=":PR_3_2__7_0" index="0" speed="7.34" length="7.73" shape="655.20,257.59 654.49,260.78 654.25,265.24"/>
    </edge>
    <edge id=":PR_DE_2_3_0" function="internal">
        <lane id=":PR_DE_2_3_0_0" index="0" speed="3.65" length="4.67" shape="651.01,200.24 651.81,199.04 652.61,198.64 653.41,199.04 654.21,200.24"/>
    </edge>
    <edge id=":PR_DE_3_2_0" function="internal">
        <lane id=":PR_DE_3_2_0_0" index="0" speed="3.65" length="4.67" shape="654.27,300.24 653.47,301.44 652.67,301.84 651.87,301.44 651.07,300.24"/>
    </edge>

    <edge id="I2_E_in" from="I2_E_zip" to="I2" priority="-1">
        <lane id="lane_13" index="0" speed="13.89" length="47.04" shape="313.85,264.85 266.81,264.87"/>
        <lane id="lane_14" index="1" speed="13.89" length="47.04" shape="313.85,261.65 266.81,261.67"/>
        <lane id="lane_15" index="2" speed="13.89" length="47.04" shape="313.85,258.45 266.80,258.47"/>
        <lane id="lane_16" index="3" speed="13.89" length="47.04" shape="313.85,255.25 266.80,255.27"/>
        <lane id="lane_17" index="4" speed="13.89" length="47.04" shape="313.84,252.05 266.80,252.07"/>
    </edge>
    <edge id="I2_E_out" from="I2" to="PR_2_3_" priority="-1">
        <lane id="I2_E_out_0" index="0" speed="13.89" length="378.64" shape="266.80,245.67 645.44,245.45"/>
        <lane id="I2_E_out_1" index="1" speed="13.89" length="378.64" shape="266.80,248.87 645.44,248.65"/>
    </edge>
    <edge id="I2_E_zip_in" from="PR_3_2_" to="I2_E_zip" priority="-1">
        <lane id="I2_E_zip_in_0" index="0" disallow="all" speed="13.89" length="333.40" shape="647.25,264.65 313.85,264.85"/>
        <lane id="I2_E_zip_in_1" index="1" speed="13.89" length="333.40" shape="647.25,261.45 313.85,261.65"/>
        <lane id="I2_E_zip_in_2" index="2" speed="13.89" length="333.40" shape="647.25,258.25 313.85,258.45"/>
        <lane id="I2_E_zip_in_3" index="3" disallow="all" speed="13.89" length="333.40" shape="647.24,255.05 313.85,255.25"/>
        <lane id="I2_E_zip_in_4" index="4" disallow="all" speed="13.89" length="333.40" shape="647.24,251.85 313.84,252.05"/>
    </edge>
    <edge id="I2_N_in" from="I2_N_zip" to="I2" priority="-1">
        <lane id="lane_1" index="0" speed="13.89" length="44.99" shape="238.84,315.48 238.81,270.49"/>
        <lane id="lane_2" index="1" speed="13.89" length="44.99" shape="242.04,315.47 242.01,270.49"/>
        <lane id="lane_3" index="2" speed="13.89" length="44.99" shape="245.24,315.47 245.21,270.49"/>
        <lane id="lane_4" index="3" speed="13.89" length="44.99" shape="248.44,315.47 248.41,270.48"/>
    </edge>
    <edge id="I2_N_out" from="I2" to="MI_DE_2_N_" priority="-1">
        <lane id="I2_N_out_0" index="0" speed="13.89" length="230.00" shape="254.81,270.48 254.95,500.48"/>
        <lane id="I2_N_out_1" index="1" speed="13.89" length="230.00" shape="251.61,270.48 251.75,500.48"/>
    </edge>
    <edge id="I2_N_zip_in" from="MI_DE_2_N_" to="I2_N_zip" priority="-1">
        <lane id="I2_N_zip_in_0" index="0" disallow="all" speed="13.89" length="185.01" shape="238.95,500.49 238.84,315.48"/>
        <lane id="I2_N_zip_in_1" index="1" speed="13.89" length="185.01" shape="242.15,500.49 242.04,315.47"/>
        <lane id="I2_N_zip_in_2" index="2" speed="13.89" length="185.01" shape="245.35,500.49 245.24,315.47"/>
        <lane id="I2_N_zip_in_3" index="3" disallow="all" speed="13.89" length="185.01" shape="248.55,500.48 248.44,315.47"/>
    </edge>
    <edge id="I2_S_in" from="I2_S_zip" to="I2" priority="-1">
        <lane id="lane_5" index="0" speed="13.89" length="49.44" shape="261.16,184.24 261.19,233.68"/>
        <lane id="lane_6" index="1" speed="13.89" length="49.44" shape="257.96,184.24 257.99,233.68"/>
        <lane id="lane_7" index="2" speed="13.89" length="49.44" shape="254.76,184.24 254.79,233.68"/>
        <lane id="lane_8" index="3" speed="13.89" length="49.44" shape="251.56,184.24 251.59,233.68"/>
    </edge>
    <edge id="I2_S_out" from="I2" to="MI_DE_2_S_" priority="-1">
        <lane id="I2_S_out_0" index="0" speed="13.89" length="233.20" shape="245.19,233.69 245.05,0.49"/>
        <lane id="I2_S_out_1" index="1" speed="13.89" length="233.20" shape="248.39,233.68 248.25,0.48"/>
    </edge>
    <edge id="I2_S_zip_in" from="MI_DE_2_S_" to="I2_S_zip" priority="-1">
        <lane id="I2_S_zip_in_0" index="0" disallow="all" speed="13.89" length="183.76" shape="261.05,0.48 261.16,184.24"/>
        <lane id="I2_S_zip_in_1" index="1" speed="13.89" length="183.76" shape="257.85,0.48 257.96,184.24"/>
        <lane id="I2_S_zip_in_2" index="2" speed="13.89" length="183.76" shape="254.65,0.48 254.76,184.24"/>
        <lane id="I2_S_zip_in_3" index="3" disallow="all" speed="13.89" length="183.76" shape="251.45,0.48 251.56,184.24"/>
    </edge>
    <edge id="I2_W_in" from="I2_W_zip" to="I2" priority="-1">
        <lane id="lane_9" index="0" speed="13.89" length="44.87" shape="188.32,239.32 233.19,239.29"/>
        <lane id="lane_10" index="1" speed="13.89" length="44.87" shape="188.32,242.52 233.20,242.49"/>
        <lane id="lane_11" index="2" speed="13.89" length="44.87" shape="188.32,245.72 233.20,245.69"/>
        <lane id="lane_12" index="3" speed="13.89" length="44.87" shape="188.33,248.92 233.20,248.89"/>
    </edge>
    <edge id="I2_W_out" from="I2" to="MI_DE_2_W_" priority="-1">
        <lane id="I2_W_out_0" index="0" speed="13.89" length="233.20" shape="233.20,255.29 0.00,255.43"/>
        <lane id="I2_W_out_1" index="1" speed="13.89" length="233.20" shape="233.20,252.09 0.00,252.23"/>
    </edge>
    <edge id="I2_W_zip_in" from="MI_DE_2_W_" to="I2_W_zip" priority="-1">
        <lane id="I2_W_zip_in_0" index="0" disallow="all" speed="13.89" length="188.33" shape="-0.01,239.43 188.32,239.32"/>
        <lane id="I2_W_zip_in_1" index="1" speed="13.89" length="188.33" shape="-0.00,242.63 188.32,242.52"/>
        <lane id="I2_W_zip_in_2" index="2" speed="13.89" length="188.33" shape="-0.00,245.83 188.32,245.72"/>
        <lane id="I2_W_zip_in_3" index="3" disallow="all" speed="13.89" length="188.33" shape="-0.00,249.03 188.33,248.92"/>
    </edge>
    <edge id="I3_E_in" from="I3_E_zip" to="I3" priority="-1">
        <lane id="lane_140" index="0" speed="13.89" length="52.01" shape="1117.70,262.96 1065.69,262.99"/>
        <lane id="lane_1446" index="1" speed="13.89" length="52.01" width="1.80" shape="1117.70,260.46 1065.69,260.49"/>
        <lane id="lane_27" index="2" speed="13.89" length="52.01" shape="1117.70,257.96 1065.69,257.99"/>
        <lane id="lane_26" index="3" speed="13.89" length="52.01" shape="1117.69,254.76 1065.69,254.79"/>
        <lane id="lane_28" index="4" speed="13.89" length="52.01" shape="1117.69,251.56 1065.68,251.59"/>
    </edge>
    <edge id="I3_E_out" from="I3" to="MI_DE_3_E_" priority="-1">
        <lane id="I3_E_out_0" index="0" allow="bicycle" speed="13.89" length="239.60" width="1.80" shape="1065.68,242.69 1305.28,242.55"/>
        <lane id="I3_E_out_1" index="1" speed="13.89" length="239.60" shape="1065.68,245.19 1305.28,245.05"/>
        <lane id="I3_E_out_2" index="2" speed="13.89" length="239.60" shape="1065.68,248.39 1305.28,248.25"/>
    </edge>
    <edge id="I3_E_zip_in" from="MI_DE_3_E_" to="I3_E_zip" priority="-1">
        <lane id="I3_E_zip_in_0" index="0" disallow="all" speed="13.89" length="187.59" shape="1305.29,262.85 1117.70,262.96"/>
        <lane id="I3_E_zip_in_1" index="1" speed="13.89" length="187.59" width="1.80" shape="1305.29,260.35 1117.70,260.46"/>
        <lane id="I3_E_zip_in_2" index="2" speed="13.89" length="187.59" shape="1305.29,257.85 1117.70,257.96"/>
        <lane id="I3_E_zip_in_3" index="3" speed="13.89" length="187.59" shape="1305.29,254.65 1117.69,254.76"/>
        <lane id="I3_E_zip_in_4" index="4" disallow="all" speed="13.89" length="187.59" shape="1305.28,251.45 1117.69,251.56"/>
    </edge>
    <edge id="I3_N_in" from="I3_N_zip" to="I3" priority="-1">
        <lane id="lane_139" index="0" speed="13.89" length="26.89" shape="1047.31,295.49 1047.30,268.60"/>
        <lane id="lane_18" index="1" speed="13.89" length="26.89" shape="1050.51,295.49 1050.50,268.60"/>
        <lane id="lane_19" index="2" speed="13.89" length="26.89" shape="1053.71,295.49 1053.70,268.60"/>
    </edge>
    <edge id="I3_N_out" from="I3" to="MI_DE_3_N_" priority="-1">
        <lane id="I3_N_out_0" index="0" speed="13.89" length="231.40" shape="1056.90,268.60 1057.03,500.00"/>
    </edge>
    <edge id="I3_N_zip_in" from="MI_DE_3_N_" to="I3_N_zip" priority="-1">
        <lane id="I3_N_zip_in_0" index="0" speed="13.89" length="204.51" shape="1047.43,500.00 1047.31,295.49"/>
        <lane id="I3_N_zip_in_1" index="1" speed="13.89" length="204.51" shape="1050.63,500.00 1050.51,295.49"/>
        <lane id="I3_N_zip_in_2" index="2" disallow="all" speed="13.89" length="204.51" shape="1053.83,500.00 1053.71,295.49"/>
    </edge>
    <edge id="I3_S_in" from="I3_S_zip" to="I3" priority="-1">
        <lane id="lane_20" index="0" speed="13.89" length="14.29" shape="1060.06,217.11 1060.07,231.40"/>
        <lane id="lane_21" index="1" speed="13.89" length="14.29" shape="1056.86,217.11 1056.87,231.40"/>
    </edge>
    <edge id="I3_S_out" from="I3" to="MI_DE_3_S_" priority="-1">
        <lane id="I3_S_out_0" index="0" speed="13.89" length="231.40" shape="1053.67,231.40 1053.53,0.00"/>
    </edge>
    <edge id="I3_S_zip_in" from="MI_DE_3_S_" to="I3_S_zip" priority="-1">
        <lane id="I3_S_zip_in_0" index="0" speed="13.89" length="217.11" shape="1059.93,-0.00 1060.06,217.11"/>
        <lane id="I3_S_zip_in_1" index="1" disallow="all" speed="13.89" length="217.11" shape="1056.73,-0.00 1056.86,217.11"/>
    </edge>
    <edge id="I3_W_in" from="I3_W_zip" to="I3" priority="-1">
        <lane id="lane_22" index="0" speed="13.89" length="37.30" shape="1004.37,237.03 1041.68,237.01"/>
        <lane id="lane_1447" index="1" speed="13.89" length="37.30" width="1.80" shape="1004.37,239.53 1041.68,239.51"/>
        <lane id="lane_23" index="2" speed="13.89" length="37.30" shape="1004.37,242.03 1041.68,242.01"/>
        <lane id="lane_24" index="3" speed="13.89" length="37.30" shape="1004.38,245.23 1041.68,245.21"/>
        <lane id="lane_25" index="4" speed="13.89" length="37.30" shape="1004.38,248.43 1041.68,248.41"/>
    </edge>
    <edge id="I3_W_out" from="I3" to="PR_3_2_" priority="-1">
        <lane id="I3_W_out_0" index="0" allow="bicycle" speed="13.89" length="383.64" width="1.80" shape="1041.69,257.31 658.05,257.54"/>
        <lane id="I3_W_out_1" index="1" speed="13.89" length="383.64" shape="1041.69,254.81 658.04,255.04"/>
        <lane id="I3_W_out_2" index="2" speed="13.89" length="383.64" shape="1041.68,251.61 658.04,251.84"/>
    </edge>
    <edge id="I3_W_zip_in" from="PR_2_3_" to="I3_W_zip" priority="-1">
        <lane id="I3_W_zip_in_0" index="0" disallow="all" speed="13.89" length="344.54" shape="659.83,237.24 1004.37,237.03"/>
        <lane id="I3_W_zip_in_1" index="1" speed="13.89" length="344.54" width="1.80" shape="659.84,239.74 1004.37,239.53"/>
        <lane id="I3_W_zip_in_2" index="2" speed="13.89" length="344.54" shape="659.84,242.24 1004.37,242.03"/>
        <lane id="I3_W_zip_in_3" index="3" speed="13.89" length="344.54" shape="659.84,245.44 1004.38,245.23"/>
        <lane id="I3_W_zip_in_4" index="4" disallow="all" speed="13.89" length="344.54" shape="659.84,248.64 1004.38,248.43"/>
    </edge>
    <edge id="PR_DE_2_3_in" from="PR_DE_2_3" to="PR_2_3_" priority="-1">
        <lane id="PR_DE_2_3_in_0" index="0" speed="13.89" length="34.60" shape="654.21,200.24 654.23,234.84"/>
    </edge>
    <edge id="PR_DE_2_3_out" from="PR_2_3_" to="PR_DE_2_3" priority="-1">
        <lane id="PR_DE_2_3_out_0" index="0" speed="13.89" length="34.60" shape="651.03,234.84 651.01,200.24"/>
    </edge>
    <edge id="PR_DE_3_2_in" from="PR_DE_3_2" to="PR_3_2_" priority="-1">
        <lane id="PR_DE_3_2_in_0" index="0" speed="13.89" length="35.00" shape="651.07,300.24 651.05,265.24"/>
    </edge>
    <edge id="PR_DE_3_2_out" from="PR_3_2_" to="PR_DE_3_2" priority="-1">
        <lane id="PR_DE_3_2_out_0" index="0" speed="13.89" length="35.00" shape="654.25,265.24 654.27,300.24"/>
    </edge>

    <tlLogic id="I2" type="static" programID="0" offset="0">
        <phase duration="33" state="rrrGGggrrrGGg"/>
        <phase duration="3"  state="rrryyggrrryyg"/>
        <phase duration="6"  state="rrrrrGGrrrrrG"/>
        <phase duration="3"  state="rrrrryyrrrrry"/>
        <phase duration="33" state="GGgrrrrGGgrrr"/>
        <phase duration="3"  state="yygrrrryygrrr"/>
        <phase duration="6"  state="rrGrrrrrrGrrr"/>
        <phase duration="3"  state="rryrrrrrryrrr"/>
    </tlLogic>
    <tlLogic id="I3" type="static" programID="0" offset="0">
        <phase duration="33" state="rrGGGgrrGGGg"/>
        <phase duration="3"  state="rryyygrryyyg"/>
        <phase duration="6"  state="rrrrrGrrrrrG"/>
        <phase duration="3"  state="rrrrryrrrrry"/>
        <phase duration="33" state="GgrrrrGgrrrr"/>
        <phase duration="3"  state="ygrrrrygrrrr"/>
        <phase duration="6"  state="rGrrrrrGrrrr"/>
        <phase duration="3"  state="ryrrrrryrrrr"/>
    </tlLogic>

    <junction id="I2" type="traffic_light" x="250.00" y="250.48" incLanes="lane_1 lane_2 lane_3 lane_4 lane_13 lane_14 lane_15 lane_16 lane_17 lane_5 lane_6 lane_7 lane_8 lane_9 lane_10 lane_11 lane_12" intLanes=":I2_17_0 :I2_1_0 :I2_1_1 :I2_3_0 :I2_18_0 :I2_5_0 :I2_5_1 :I2_7_0 :I2_7_1 :I2_19_0 :I2_10_0 :I2_10_1 :I2_12_0 :I2_20_0 :I2_14_0 :I2_14_1 :I2_16_0" shape="237.21,270.49 256.41,270.48 257.57,268.26 259.01,267.48 261.03,266.92 263.63,266.59 266.81,266.47 266.80,244.07 264.57,242.92 263.79,241.48 263.24,239.45 262.90,236.85 262.79,233.68 243.59,233.69 242.44,235.91 240.99,236.69 238.97,237.25 236.37,237.58 233.19,237.69 233.20,256.89 235.43,258.40 236.21,260.29 236.76,262.94 237.10,266.34">
        <request index="0"  response="00000000001100000" foes="00000000001100000" cont="1"/>
        <request index="1"  response="11100000111100000" foes="11111000111100000" cont="0"/>
        <request index="2"  response="11100000111100000" foes="11111000111100000" cont="0"/>
        <request index="3"  response="11100110111100000" foes="11100110111100000" cont="0"/>
        <request index="4"  response="00000110000000000" foes="00000110000000000" cont="1"/>
        <request index="5"  response="00000000000000000" foes="10001110000001111" cont="0"/>
        <request index="6"  response="00000000000000000" foes="10001110000001111" cont="0"/>
        <request index="7"  response="01100000000000000" foes="01111110000001110" cont="0"/>
        <request index="8"  response="01100000000000000" foes="01111110000001110" cont="0"/>
        <request index="9"  response="01100000000000000" foes="01100000000000000" cont="1"/>
        <request index="10" response="11100000111100000" foes="11100000111111000" cont="0"/>
        <request index="11" response="11100000111100000" foes="11100000111111000" cont="0"/>
        <request index="12" response="11100000111100110" foes="11100000111100110" cont="0"/>
        <request index="13" response="00000000110000110" foes="00000000110000110" cont="1"/>
        <request index="14" response="00000000000000000" foes="00001111110001110" cont="0"/>
        <request index="15" response="00000000000000000" foes="00001111110001110" cont="0"/>
        <request index="16" response="00000000001100000" foes="00001110001101110" cont="0"/>
    </junction>
    <junction id="I2_E_zip" type="zipper" x="313.84" y="250.45" incLanes="I2_E_zip_in_0 I2_E_zip_in_1 I2_E_zip_in_2 I2_E_zip_in_3 I2_E_zip_in_4" intLanes=":I2_E_zip_0_0 :I2_E_zip_0_1 :I2_E_zip_0_2 :I2_E_zip_0_3 :I2_E_zip_0_4" shape="313.85,263.25 313.84,250.45 313.85,266.45">
        <request index="0" response="00000" foes="00000" cont="0"/>
        <request index="1" response="00000" foes="00000" cont="0"/>
        <request index="2" response="00000" foes="00000" cont="0"/>
        <request index="3" response="00000" foes="00000" cont="0"/>
        <request index="4" response="00000" foes="00000" cont="0"/>
    </junction>
    <junction id="I2_N_zip" type="zipper" x="250.04" y="315.47" incLanes="I2_N_zip_in_0 I2_N_zip_in_1 I2_N_zip_in_2 I2_N_zip_in_3" intLanes=":I2_N_zip_0_0 :I2_N_zip_0_1 :I2_N_zip_0_2 :I2_N_zip_0_3" shape="240.44,315.48 250.04,315.47 237.24,315.48">
        <request index="0" response="0000" foes="0000" cont="0"/>
        <request index="1" response="0000" foes="0000" cont="0"/>
        <request index="2" response="0000" foes="0000" cont="0"/>
        <request index="3" response="0000" foes="0000" cont="0"/>
    </junction>
    <junction id="I2_S_zip" type="zipper" x="249.96" y="184.24" incLanes="I2_S_zip_in_0 I2_S_zip_in_1 I2_S_zip_in_2 I2_S_zip_in_3" intLanes=":I2_S_zip_0_0 :I2_S_zip_0_1 :I2_S_zip_0_2 :I2_S_zip_0_3" shape="249.96,184.24 259.56,184.24 253.16,184.24">
        <request index="0" response="0000" foes="0000" cont="0"/>
        <request index="1" response="0000" foes="0000" cont="0"/>
        <request index="2" response="0000" foes="0000" cont="0"/>
        <request index="3" response="0000" foes="0000" cont="0"/>
    </junction>
    <junction id="I2_W_zip" type="zipper" x="188.33" y="250.52" incLanes="I2_W_zip_in_0 I2_W_zip_in_1 I2_W_zip_in_2 I2_W_zip_in_3" intLanes=":I2_W_zip_0_0 :I2_W_zip_0_1 :I2_W_zip_0_2 :I2_W_zip_0_3" shape="188.33,250.52 188.32,240.92 188.33,247.32">
        <request index="0" response="0000" foes="0000" cont="0"/>
        <request index="1" response="0000" foes="0000" cont="0"/>
        <request index="2" response="0000" foes="0000" cont="0"/>
        <request index="3" response="0000" foes="0000" cont="0"/>
    </junction>
    <junction id="I3" type="traffic_light" x="1055.28" y="250.00" incLanes="lane_139 lane_18 lane_19 lane_140 lane_1446 lane_27 lane_26 lane_28 lane_20 lane_21 lane_22 lane_1447 lane_23 lane_24 lane_25" intLanes=":I3_17_0 :I3_17_1 :I3_2_0 :I3_3_0 :I3_18_0 :I3_5_0 :I3_5_1 :I3_5_2 :I3_8_0 :I3_19_0 :I3_10_0 :I3_11_0 :I3_20_0 :I3_13_0 :I3_13_1 :I3_13_2 :I3_16_0" shape="1045.70,268.61 1058.50,268.60 1059.29,266.38 1060.29,265.60 1061.69,265.04 1063.49,264.71 1065.69,264.59 1065.68,241.79 1063.46,240.64 1062.68,239.20 1062.12,237.17 1061.79,234.57 1061.67,231.40 1052.07,231.40 1050.92,233.62 1049.47,234.40 1047.45,234.96 1044.85,235.30 1041.68,235.41 1041.69,258.21 1043.91,259.36 1044.69,260.81 1045.25,262.83 1045.58,265.43">
        <request index="0"  response="00000100011100000" foes="00000100011100000" cont="1"/>
        <request index="1"  response="00000100011100000" foes="00000100011100000" cont="1"/>
        <request index="2"  response="11110000111100000" foes="11111100111100000" cont="0"/>
        <request index="3"  response="11100010111100000" foes="11100010111100000" cont="0"/>
        <request index="4"  response="10000010000000000" foes="10000010000000000" cont="1"/>
        <request index="5"  response="00000000000000000" foes="10000010000001111" cont="0"/>
        <request index="6"  response="00000000000000000" foes="10000110000001111" cont="0"/>
        <request index="7"  response="00000000000000000" foes="10000110000001111" cont="0"/>
        <request index="8"  response="01110000000000000" foes="01111110000001100" cont="0"/>
        <request index="9"  response="01110000000000000" foes="01110000000000000" cont="1"/>
        <request index="10" response="11110000111100000" foes="11110000111111000" cont="0"/>
        <request index="11" response="11110000111000100" foes="11110000111000111" cont="0"/>
        <request index="12" response="00000000100000100" foes="00000000100000100" cont="1"/>
        <request index="13" response="00000000000000000" foes="00000111100000100" cont="0"/>
        <request index="14" response="00000000000000000" foes="00000111100001100" cont="0"/>
        <request index="15" response="00000000000000000" foes="00000111100001100" cont="0"/>
        <request index="16" response="00000000011100000" foes="00000110011111100" cont="0"/>
    </junction>
    <junction id="I3_E_zip" type="zipper" x="1117.69" y="249.96" incLanes="I3_E_zip_in_0 I3_E_zip_in_1 I3_E_zip_in_2 I3_E_zip_in_3 I3_E_zip_in_4" intLanes=":I3_E_zip_0_0 :I3_E_zip_0_1 :I3_E_zip_0_2 :I3_E_zip_0_3 :I3_E_zip_0_4" shape="1117.70,261.36 1117.69,249.96 1117.70,264.56">
        <request index="0" response="00000" foes="00000" cont="0"/>
        <request index="1" response="00000" foes="00000" cont="0"/>
        <request index="2" response="00000" foes="00000" cont="0"/>
        <request index="3" response="00000" foes="00000" cont="0"/>
        <request index="4" response="00000" foes="00000" cont="0"/>
    </junction>
    <junction id="I3_N_zip" type="zipper" x="1055.31" y="295.49" incLanes="I3_N_zip_in_0 I3_N_zip_in_1 I3_N_zip_in_2" intLanes=":I3_N_zip_0_0 :I3_N_zip_0_1 :I3_N_zip_0_2" shape="1045.71,295.49 1055.31,295.49 1045.71,295.49">
        <request index="0" response="000" foes="000" cont="0"/>
        <request index="1" response="000" foes="000" cont="0"/>
        <request index="2" response="000" foes="000" cont="0"/>
    </junction>
    <junction id="I3_S_zip" type="zipper" x="1055.26" y="217.11" incLanes="I3_S_zip_in_0 I3_S_zip_in_1" intLanes=":I3_S_zip_0_0 :I3_S_zip_0_1" shape="1055.26,217.11 1061.66,217.11 1058.46,217.11">
        <request index="0" response="00" foes="00" cont="0"/>
        <request index="1" response="00" foes="00" cont="0"/>
    </junction>
    <junction id="I3_W_zip" type="zipper" x="1004.38" y="250.03" incLanes="I3_W_zip_in_0 I3_W_zip_in_1 I3_W_zip_in_2 I3_W_zip_in_3 I3_W_zip_in_4" intLanes=":I3_W_zip_0_0 :I3_W_zip_0_1 :I3_W_zip_0_2 :I3_W_zip_0_3 :I3_W_zip_0_4" shape="1004.38,250.03 1004.37,238.63 1004.38,246.83">
        <request index="0" response="00000" foes="00000" cont="0"/>
        <request index="1" response="00000" foes="00000" cont="0"/>
        <request index="2" response="00000" foes="00000" cont="0"/>
        <request index="3" response="00000" foes="00000" cont="0"/>
        <request index="4" response="00000" foes="00000" cont="0"/>
    </junction>
    <junction id="MI_DE_2_N_" type="dead_end" x="250.15" y="500.48" incLanes="I2_N_out_0 I2_N_out_1" intLanes="" shape="246.95,500.49 256.55,500.48 250.15,500.48"/>
    <junction id="MI_DE_2_S_" type="dead_end" x="249.85" y="0.48" incLanes="I2_S_out_0 I2_S_out_1" intLanes="" shape="253.05,0.48 243.45,0.49 249.85,0.48"/>
    <junction id="MI_DE_2_W_" type="dead_end" x="0.00" y="250.63" incLanes="I2_W_out_0 I2_W_out_1" intLanes="" shape="-0.00,247.43 0.00,257.03 0.00,250.63"/>
    <junction id="MI_DE_3_E_" type="dead_end" x="1305.28" y="249.85" incLanes="I3_E_out_0 I3_E_out_1 I3_E_out_2" intLanes="" shape="1305.29,253.05 1305.28,241.65 1305.28,249.85"/>
    <junction id="MI_DE_3_N_" type="dead_end" x="1055.43" y="500.00" incLanes="I3_N_out_0" intLanes="" shape="1052.23,500.00 1058.63,500.00 1055.43,500.00"/>
    <junction id="MI_DE_3_S_" type="dead_end" x="1055.13" y="0.00" incLanes="I3_S_out_0" intLanes="" shape="1058.33,-0.00 1051.93,0.00 1055.13,0.00"/>
    <junction id="PR_2_3_" type="priority" x="652.64" y="250.24" incLanes="PR_DE_2_3_in_0 I2_E_out_0 I2_E_out_1" intLanes=":PR_2_3__0_0 :PR_2_3__1_0 :PR_2_3__2_0 :PR_2_3__3_0 :PR_2_3__3_1" shape="659.84,247.04 659.84,238.84 657.61,238.39 656.83,237.84 656.28,237.06 655.94,236.06 655.83,234.84 649.43,234.84 649.32,237.59 648.99,239.84 648.44,241.59 647.66,242.84 646.66,243.60 645.44,243.85 645.44,250.25 648.56,250.01 650.81,249.41 654.47,247.87 656.72,247.28">
        <request index="0" response="00000" foes="00000" cont="0"/>
        <request index="1" response="00100" foes="00100" cont="0"/>
        <request index="2" response="00000" foes="00010" cont="0"/>
        <request index="3" response="00000" foes="00000" cont="0"/>
        <request index="4" response="00000" foes="00000" cont="0"/>
    </junction>
    <junction id="PR_3_2_" type="priority" x="652.64" y="250.24" incLanes="PR_DE_3_2_in_0 I3_W_out_0 I3_W_out_1 I3_W_out_2" intLanes=":PR_3_2__0_0 :PR_3_2__1_0 :PR_3_2__2_0 :PR_3_2__3_0 :PR_3_2__7_0 :PR_3_2__5_0 :PR_3_2__5_1" shape="649.45,265.24 655.85,265.24 655.91,263.16 656.09,261.46 656.40,260.14 656.83,259.19 657.37,258.63 658.05,258.44 658.04,250.24 655.50,250.71 653.85,251.90 651.44,254.98 649.79,256.17 647.25,256.65 647.25,263.05 648.47,263.29 648.90,263.59 649.21,264.02 649.39,264.57">
        <request index="0" response="1101000" foes="1101000" cont="0"/>
        <request index="1" response="0010100" foes="0010100" cont="0"/>
        <request index="2" response="0000000" foes="0010010" cont="0"/>
        <request index="3" response="0100000" foes="0110001" cont="0"/>
        <request index="4" response="0001100" foes="0001110" cont="1"/>
        <request index="5" response="0000000" foes="0001001" cont="0"/>
        <request index="6" response="0000000" foes="0000001" cont="0"/>
    </junction>
    <junction id="PR_DE_2_3" type="priority" x="652.61" y="200.24" incLanes="PR_DE_2_3_out_0" intLanes=":PR_DE_2_3_0_0" shape="652.61,200.24 649.41,200.24 652.61,200.24">
        <request index="0" response="0" foes="0" cont="0"/>
    </junction>
    <junction id="PR_DE_3_2" type="priority" x="652.67" y="300.24" incLanes="PR_DE_3_2_out_0" intLanes=":PR_DE_3_2_0_0" shape="652.67,300.24 655.87,300.24 652.67,300.24">
        <request index="0" response="0" foes="0" cont="0"/>
    </junction>

    <junction id=":I2_17_0" type="internal" x="238.60" y="266.50" incLanes=":I2_0_0 lane_14 lane_15 lane_8" intLanes=":I2_5_0 :I2_5_1 :I2_12_0"/>
    <junction id=":I2_18_0" type="internal" x="262.82" y="265.14" incLanes=":I2_4_0 lane_6 lane_7 lane_12" intLanes=":I2_10_0 :I2_10_1 :I2_16_0"/>
    <junction id=":I2_19_0" type="internal" x="261.46" y="237.67" incLanes=":I2_9_0 lane_4 lane_10 lane_11" intLanes=":I2_3_0 :I2_14_0 :I2_14_1"/>
    <junction id=":I2_20_0" type="internal" x="237.18" y="239.03" incLanes=":I2_13_0 lane_16 lane_17 lane_2 lane_3" intLanes=":I2_1_0 :I2_1_1 :I2_7_0 :I2_7_1"/>
    <junction id=":I3_17_0" type="internal" x="1047.06" y="264.61" incLanes=":I3_0_0 lane_1446 lane_27 lane_26 lane_21" intLanes=":I3_5_0 :I3_5_1 :I3_5_2 :I3_11_0"/>
    <junction id=":I3_17_1" type="internal" x="1050.20" y="264.61" incLanes=":I3_0_1 lane_1446 lane_27 lane_26 lane_21" intLanes=":I3_5_0 :I3_5_1 :I3_5_2 :I3_11_0"/>
    <junction id=":I3_18_0" type="internal" x="1061.72" y="263.39" incLanes=":I3_4_0 lane_20 lane_25" intLanes=":I3_10_0 :I3_16_0"/>
    <junction id=":I3_19_0" type="internal" x="1060.31" y="235.39" incLanes=":I3_9_0 lane_19 lane_1447 lane_23 lane_24" intLanes=":I3_3_0 :I3_13_0 :I3_13_1 :I3_13_2"/>
    <junction id=":I3_20_0" type="internal" x="1045.67" y="236.74" incLanes=":I3_12_0 lane_28 lane_18" intLanes=":I3_2_0 :I3_8_0"/>
    <junction id=":PR_3_2__7_0" type="internal" x="655.20" y="257.59" incLanes=":PR_3_2__4_0 I3_W_out_0" intLanes=":PR_3_2__1_0 :PR_3_2__2_0 :PR_3_2__3_0"/>

    <connection from="I2_E_in" to="I2_N_out" fromLane="0" toLane="0" contPos="4.00" uncontrolled="1" via=":I2_4_0" dir="r" state="m"/>
    <connection from="I2_E_in" to="I2_W_out" fromLane="1" toLane="0" via=":I2_5_0" tl="I2" linkIndex="3" dir="s" state="O"/>
    <connection from="I2_E_in" to="I2_W_out" fromLane="2" toLane="1" via=":I2_5_1" tl="I2" linkIndex="4" dir="s" state="O"/>
    <connection from="I2_E_in" to="I2_S_out" fromLane="3" toLane="0" contPos="0.00" via=":I2_7_0" tl="I2" linkIndex="5" dir="l" state="o"/>
    <connection from="I2_E_in" to="I2_S_out" fromLane="4" toLane="1" contPos="0.00" via=":I2_7_1" tl="I2" linkIndex="6" dir="l" state="o"/>
    <connection from="I2_E_out" to="PR_DE_2_3_out" fromLane="0" toLane="0" via=":PR_2_3__2_0" dir="r" state="M"/>
    <connection from="I2_E_out" to="I3_W_zip_in" fromLane="0" toLane="2" via=":PR_2_3__3_0" dir="s" state="M"/>
    <connection from="I2_E_out" to="I3_W_zip_in" fromLane="1" toLane="3" via=":PR_2_3__3_1" dir="s" state="M"/>
    <connection from="I2_E_zip_in" to="I2_E_in" fromLane="1" toLane="0" via=":I2_E_zip_0_0" dir="s" state="M"/>
    <connection from="I2_E_zip_in" to="I2_E_in" fromLane="1" toLane="1" via=":I2_E_zip_0_1" dir="s" state="M"/>
    <connection from="I2_E_zip_in" to="I2_E_in" fromLane="2" toLane="2" via=":I2_E_zip_0_2" dir="s" state="M"/>
    <connection from="I2_E_zip_in" to="I2_E_in" fromLane="2" toLane="3" via=":I2_E_zip_0_3" dir="s" state="M"/>
    <connection from="I2_E_zip_in" to="I2_E_in" fromLane="2" toLane="4" via=":I2_E_zip_0_4" dir="s" state="M"/>
    <connection from="I2_N_in" to="I2_W_out" fromLane="0" toLane="0" contPos="4.00" uncontrolled="1" via=":I2_0_0" dir="r" state="m"/>
    <connection from="I2_N_in" to="I2_S_out" fromLane="1" toLane="0" via=":I2_1_0" tl="I2" linkIndex="0" dir="s" state="o"/>
    <connection from="I2_N_in" to="I2_S_out" fromLane="2" toLane="1" via=":I2_1_1" tl="I2" linkIndex="1" dir="s" state="o"/>
    <connection from="I2_N_in" to="I2_E_out" fromLane="3" toLane="1" contPos="0.00" via=":I2_3_0" tl="I2" linkIndex="2" dir="l" state="o"/>
    <connection from="I2_N_zip_in" to="I2_N_in" fromLane="1" toLane="0" via=":I2_N_zip_0_0" dir="s" state="M"/>
    <connection from="I2_N_zip_in" to="I2_N_in" fromLane="1" toLane="1" via=":I2_N_zip_0_1" dir="s" state="M"/>
    <connection from="I2_N_zip_in" to="I2_N_in" fromLane="2" toLane="2" via=":I2_N_zip_0_2" dir="s" state="M"/>
    <connection from="I2_N_zip_in" to="I2_N_in" fromLane="2" toLane="3" via=":I2_N_zip_0_3" dir="s" state="M"/>
    <connection from="I2_S_in" to="I2_E_out" fromLane="0" toLane="0" contPos="4.00" uncontrolled="1" via=":I2_9_0" dir="r" state="m"/>
    <connection from="I2_S_in" to="I2_N_out" fromLane="1" toLane="0" via=":I2_10_0" tl="I2" linkIndex="7" dir="s" state="o"/>
    <connection from="I2_S_in" to="I2_N_out" fromLane="2" toLane="1" via=":I2_10_1" tl="I2" linkIndex="8" dir="s" state="o"/>
    <connection from="I2_S_in" to="I2_W_out" fromLane="3" toLane="1" contPos="0.00" via=":I2_12_0" tl="I2" linkIndex="9" dir="l" state="o"/>
    <connection from="I2_S_zip_in" to="I2_S_in" fromLane="1" toLane="0" via=":I2_S_zip_0_0" dir="s" state="M"/>
    <connection from="I2_S_zip_in" to="I2_S_in" fromLane="1" toLane="1" via=":I2_S_zip_0_1" dir="s" state="M"/>
    <connection from="I2_S_zip_in" to="I2_S_in" fromLane="2" toLane="2" via=":I2_S_zip_0_2" dir="s" state="M"/>
    <connection from="I2_S_zip_in" to="I2_S_in" fromLane="2" toLane="3" via=":I2_S_zip_0_3" dir="s" state="M"/>
    <connection from="I2_W_in" to="I2_S_out" fromLane="0" toLane="0" contPos="4.00" uncontrolled="1" via=":I2_13_0" dir="r" state="m"/>
    <connection from="I2_W_in" to="I2_E_out" fromLane="1" toLane="0" via=":I2_14_0" tl="I2" linkIndex="10" dir="s" state="O"/>
    <connection from="I2_W_in" to="I2_E_out" fromLane="2" toLane="1" via=":I2_14_1" tl="I2" linkIndex="11" dir="s" state="O"/>
    <connection from="I2_W_in" to="I2_N_out" fromLane="3" toLane="1" contPos="0.00" via=":I2_16_0" tl="I2" linkIndex="12" dir="l" state="o"/>
    <connection from="I2_W_zip_in" to="I2_W_in" fromLane="1" toLane="0" via=":I2_W_zip_0_0" dir="s" state="M"/>
    <connection from="I2_W_zip_in" to="I2_W_in" fromLane="1" toLane="1" via=":I2_W_zip_0_1" dir="s" state="M"/>
    <connection from="I2_W_zip_in" to="I2_W_in" fromLane="2" toLane="2" via=":I2_W_zip_0_2" dir="s" state="M"/>
    <connection from="I2_W_zip_in" to="I2_W_in" fromLane="2" toLane="3" via=":I2_W_zip_0_3" dir="s" state="M"/>
    <connection from="I3_E_in" to="I3_N_out" fromLane="0" toLane="0" contPos="4.00" uncontrolled="1" via=":I3_4_0" dir="r" state="m"/>
    <connection from="I3_E_in" to="I3_W_out" fromLane="1" toLane="0" via=":I3_5_0" tl="I3" linkIndex="2" dir="s" state="O"/>
    <connection from="I3_E_in" to="I3_W_out" fromLane="2" toLane="1" via=":I3_5_1" tl="I3" linkIndex="3" dir="s" state="O"/>
    <connection from="I3_E_in" to="I3_W_out" fromLane="3" toLane="2" via=":I3_5_2" tl="I3" linkIndex="4" dir="s" state="O"/>
    <connection from="I3_E_in" to="I3_S_out" fromLane="4" toLane="0" contPos="0.00" via=":I3_8_0" tl="I3" linkIndex="5" dir="l" state="o"/>
    <connection from="I3_E_zip_in" to="I3_E_in" fromLane="1" toLane="0" via=":I3_E_zip_0_0" dir="s" state="M"/>
    <connection from="I3_E_zip_in" to="I3_E_in" fromLane="1" toLane="1" via=":I3_E_zip_0_1" dir="s" state="M"/>
    <connection from="I3_E_zip_in" to="I3_E_in" fromLane="2" toLane="2" via=":I3_E_zip_0_2" dir="s" state="M"/>
    <connection from="I3_E_zip_in" to="I3_E_in" fromLane="3" toLane="3" via=":I3_E_zip_0_3" dir="s" state="M"/>
    <connection from="I3_E_zip_in" to="I3_E_in" fromLane="3" toLane="4" via=":I3_E_zip_0_4" dir="s" state="M"/>
    <connection from="I3_N_in" to="I3_W_out" fromLane="0" toLane="1" contPos="4.00" uncontrolled="1" via=":I3_0_0" dir="r" state="m"/>
    <connection from="I3_N_in" to="I3_W_out" fromLane="1" toLane="2" contPos="4.00" uncontrolled="1" via=":I3_0_1" dir="r" state="m"/>
    <connection from="I3_N_in" to="I3_S_out" fromLane="1" toLane="0" via=":I3_2_0" tl="I3" linkIndex="0" dir="s" state="o"/>
    <connection from="I3_N_in" to="I3_E_out" fromLane="2" toLane="2" contPos="0.00" via=":I3_3_0" tl="I3" linkIndex="1" dir="l" state="o"/>
    <connection from="I3_N_zip_in" to="I3_N_in" fromLane="0" toLane="0" via=":I3_N_zip_0_0" dir="s" state="M"/>
    <connection from="I3_N_zip_in" to="I3_N_in" fromLane="1" toLane="1" via=":I3_N_zip_0_1" dir="s" state="M"/>
    <connection from="I3_N_zip_in" to="I3_N_in" fromLane="1" toLane="2" via=":I3_N_zip_0_2" dir="s" state="M"/>
    <connection from="I3_S_in" to="I3_E_out" fromLane="0" toLane="1" contPos="4.00" uncontrolled="1" via=":I3_9_0" dir="r" state="m"/>
    <connection from="I3_S_in" to="I3_N_out" fromLane="0" toLane="0" via=":I3_10_0" tl="I3" linkIndex="6" dir="s" state="o"/>
    <connection from="I3_S_in" to="I3_W_out" fromLane="1" toLane="2" contPos="0.00" via=":I3_11_0" tl="I3" linkIndex="7" dir="l" state="o"/>
    <connection from="I3_S_zip_in" to="I3_S_in" fromLane="0" toLane="0" via=":I3_S_zip_0_0" dir="s" state="M"/>
    <connection from="I3_S_zip_in" to="I3_S_in" fromLane="0" toLane="1" via=":I3_S_zip_0_1" dir="s" state="M"/>
    <connection from="I3_W_in" to="I3_S_out" fromLane="0" toLane="0" contPos="4.00" uncontrolled="1" via=":I3_12_0" dir="r" state="m"/>
    <connection from="I3_W_in" to="I3_E_out" fromLane="1" toLane="0" via=":I3_13_0" tl="I3" linkIndex="8" dir="s" state="O"/>
    <connection from="I3_W_in" to="I3_E_out" fromLane="2" toLane="1" via=":I3_13_1" tl="I3" linkIndex="9" dir="s" state="O"/>
    <connection from="I3_W_in" to="I3_E_out" fromLane="3" toLane="2" via=":I3_13_2" tl="I3" linkIndex="10" dir="s" state="O"/>
    <connection from="I3_W_in" to="I3_N_out" fromLane="4" toLane="0" contPos="0.00" via=":I3_16_0" tl="I3" linkIndex="11" dir="l" state="o"/>
    <connection from="I3_W_out" to="PR_DE_3_2_out" fromLane="0" toLane="0" via=":PR_3_2__2_0" dir="r" state="M"/>
    <connection from="I3_W_out" to="I2_E_zip_in" fromLane="0" toLane="1" via=":PR_3_2__3_0" dir="s" state="m"/>
    <connection from="I3_W_out" to="PR_DE_3_2_out" fromLane="1" toLane="0" via=":PR_3_2__4_0" dir="r" state="m"/>
    <connection from="I3_W_out" to="I2_E_zip_in" fromLane="1" toLane="1" via=":PR_3_2__5_0" dir="s" state="M"/>
    <connection from="I3_W_out" to="I2_E_zip_in" fromLane="2" toLane="2" via=":PR_3_2__5_1" dir="s" state="M"/>
    <connection from="I3_W_zip_in" to="I3_W_in" fromLane="1" toLane="0" via=":I3_W_zip_0_0" dir="s" state="M"/>
    <connection from="I3_W_zip_in" to="I3_W_in" fromLane="1" toLane="1" via=":I3_W_zip_0_1" dir="s" state="M"/>
    <connection from="I3_W_zip_in" to="I3_W_in" fromLane="2" toLane="2" via=":I3_W_zip_0_2" dir="s" state="M"/>
    <connection from="I3_W_zip_in" to="I3_W_in" fromLane="3" toLane="3" via=":I3_W_zip_0_3" dir="s" state="M"/>
    <connection from="I3_W_zip_in" to="I3_W_in" fromLane="3" toLane="4" via=":I3_W_zip_0_4" dir="s" state="M"/>
    <connection from="PR_DE_2_3_in" to="I3_W_zip_in" fromLane="0" toLane="1" via=":PR_2_3__0_0" dir="r" state="M"/>
    <connection from="PR_DE_2_3_in" to="PR_DE_2_3_out" fromLane="0" toLane="0" via=":PR_2_3__1_0" dir="t" state="m"/>
    <connection from="PR_DE_2_3_out" to="PR_DE_2_3_in" fromLane="0" toLane="0" via=":PR_DE_2_3_0_0" dir="t" state="M"/>
    <connection from="PR_DE_3_2_in" to="I2_E_zip_in" fromLane="0" toLane="1" via=":PR_3_2__0_0" dir="r" state="m"/>
    <connection from="PR_DE_3_2_in" to="PR_DE_3_2_out" fromLane="0" toLane="0" via=":PR_3_2__1_0" dir="t" state="m"/>
    <connection from="PR_DE_3_2_out" to="PR_DE_3_2_in" fromLane="0" toLane="0" via=":PR_DE_3_2_0_0" dir="t" state="M"/>

    <connection from=":I2_0" to="I2_W_out" fromLane="0" toLane="0" via=":I2_17_0" dir="r" state="m"/>
    <connection from=":I2_17" to="I2_W_out" fromLane="0" toLane="0" dir="r" state="M"/>
    <connection from=":I2_1" to="I2_S_out" fromLane="0" toLane="0" dir="s" state="M"/>
    <connection from=":I2_1" to="I2_S_out" fromLane="1" toLane="1" dir="s" state="M"/>
    <connection from=":I2_3" to="I2_E_out" fromLane="0" toLane="1" dir="l" state="M"/>
    <connection from=":I2_4" to="I2_N_out" fromLane="0" toLane="0" via=":I2_18_0" dir="r" state="m"/>
    <connection from=":I2_18" to="I2_N_out" fromLane="0" toLane="0" dir="r" state="M"/>
    <connection from=":I2_5" to="I2_W_out" fromLane="0" toLane="0" dir="s" state="M"/>
    <connection from=":I2_5" to="I2_W_out" fromLane="1" toLane="1" dir="s" state="M"/>
    <connection from=":I2_7" to="I2_S_out" fromLane="0" toLane="0" dir="l" state="M"/>
    <connection from=":I2_7" to="I2_S_out" fromLane="1" toLane="1" dir="l" state="M"/>
    <connection from=":I2_9" to="I2_E_out" fromLane="0" toLane="0" via=":I2_19_0" dir="r" state="m"/>
    <connection from=":I2_19" to="I2_E_out" fromLane="0" toLane="0" dir="r" state="M"/>
    <connection from=":I2_10" to="I2_N_out" fromLane="0" toLane="0" dir="s" state="M"/>
    <connection from=":I2_10" to="I2_N_out" fromLane="1" toLane="1" dir="s" state="M"/>
    <connection from=":I2_12" to="I2_W_out" fromLane="0" toLane="1" dir="l" state="M"/>
    <connection from=":I2_13" to="I2_S_out" fromLane="0" toLane="0" via=":I2_20_0" dir="r" state="m"/>
    <connection from=":I2_20" to="I2_S_out" fromLane="0" toLane="0" dir="r" state="M"/>
    <connection from=":I2_14" to="I2_E_out" fromLane="0" toLane="0" dir="s" state="M"/>
    <connection from=":I2_14" to="I2_E_out" fromLane="1" toLane="1" dir="s" state="M"/>
    <connection from=":I2_16" to="I2_N_out" fromLane="0" toLane="1" dir="l" state="M"/>
    <connection from=":I2_E_zip_0" to="I2_E_in" fromLane="0" toLane="0" dir="s" state="M"/>
    <connection from=":I2_E_zip_0" to="I2_E_in" fromLane="1" toLane="1" dir="s" state="M"/>
    <connection from=":I2_E_zip_0" to="I2_E_in" fromLane="2" toLane="2" dir="s" state="M"/>
    <connection from=":I2_E_zip_0" to="I2_E_in" fromLane="3" toLane="3" dir="s" state="M"/>
    <connection from=":I2_E_zip_0" to="I2_E_in" fromLane="4" toLane="4" dir="s" state="M"/>
    <connection from=":I2_N_zip_0" to="I2_N_in" fromLane="0" toLane="0" dir="s" state="M"/>
    <connection from=":I2_N_zip_0" to="I2_N_in" fromLane="1" toLane="1" dir="s" state="M"/>
    <connection from=":I2_N_zip_0" to="I2_N_in" fromLane="2" toLane="2" dir="s" state="M"/>
    <connection from=":I2_N_zip_0" to="I2_N_in" fromLane="3" toLane="3" dir="s" state="M"/>
    <connection from=":I2_S_zip_0" to="I2_S_in" fromLane="0" toLane="0" dir="s" state="M"/>
    <connection from=":I2_S_zip_0" to="I2_S_in" fromLane="1" toLane="1" dir="s" state="M"/>
    <connection from=":I2_S_zip_0" to="I2_S_in" fromLane="2" toLane="2" dir="s" state="M"/>
    <connection from=":I2_S_zip_0" to="I2_S_in" fromLane="3" toLane="3" dir="s" state="M"/>
    <connection from=":I2_W_zip_0" to="I2_W_in" fromLane="0" toLane="0" dir="s" state="M"/>
    <connection from=":I2_W_zip_0" to="I2_W_in" fromLane="1" toLane="1" dir="s" state="M"/>
    <connection from=":I2_W_zip_0" to="I2_W_in" fromLane="2" toLane="2" dir="s" state="M"/>
    <connection from=":I2_W_zip_0" to="I2_W_in" fromLane="3" toLane="3" dir="s" state="M"/>
    <connection from=":I3_0" to="I3_W_out" fromLane="0" toLane="1" via=":I3_17_0" dir="r" state="m"/>
    <connection from=":I3_17" to="I3_W_out" fromLane="0" toLane="1" dir="r" state="M"/>
    <connection from=":I3_0" to="I3_W_out" fromLane="1" toLane="2" via=":I3_17_1" dir="r" state="m"/>
    <connection from=":I3_17" to="I3_W_out" fromLane="1" toLane="2" dir="r" state="M"/>
    <connection from=":I3_2" to="I3_S_out" fromLane="0" toLane="0" dir="s" state="M"/>
    <connection from=":I3_3" to="I3_E_out" fromLane="0" toLane="2" dir="l" state="M"/>
    <connection from=":I3_4" to="I3_N_out" fromLane="0" toLane="0" via=":I3_18_0" dir="r" state="m"/>
    <connection from=":I3_18" to="I3_N_out" fromLane="0" toLane="0" dir="r" state="M"/>
    <connection from=":I3_5" to="I3_W_out" fromLane="0" toLane="0" dir="s" state="M"/>
    <connection from=":I3_5" to="I3_W_out" fromLane="1" toLane="1" dir="s" state="M"/>
    <connection from=":I3_5" to="I3_W_out" fromLane="2" toLane="2" dir="s" state="M"/>
    <connection from=":I3_8" to="I3_S_out" fromLane="0" toLane="0" dir="l" state="M"/>
    <connection from=":I3_9" to="I3_E_out" fromLane="0" toLane="1" via=":I3_19_0" dir="r" state="m"/>
    <connection from=":I3_19" to="I3_E_out" fromLane="0" toLane="1" dir="r" state="M"/>
    <connection from=":I3_10" to="I3_N_out" fromLane="0" toLane="0" dir="s" state="M"/>
    <connection from=":I3_11" to="I3_W_out" fromLane="0" toLane="2" dir="l" state="M"/>
    <connection from=":I3_12" to="I3_S_out" fromLane="0" toLane="0" via=":I3_20_0" dir="r" state="m"/>
    <connection from=":I3_20" to="I3_S_out" fromLane="0" toLane="0" dir="r" state="M"/>
    <connection from=":I3_13" to="I3_E_out" fromLane="0" toLane="0" dir="s" state="M"/>
    <connection from=":I3_13" to="I3_E_out" fromLane="1" toLane="1" dir="s" state="M"/>
    <connection from=":I3_13" to="I3_E_out" fromLane="2" toLane="2" dir="s" state="M"/>
    <connection from=":I3_16" to="I3_N_out" fromLane="0" toLane="0" dir="l" state="M"/>
    <connection from=":I3_E_zip_0" to="I3_E_in" fromLane="0" toLane="0" dir="s" state="M"/>
    <connection from=":I3_E_zip_0" to="I3_E_in" fromLane="1" toLane="1" dir="s" state="M"/>
    <connection from=":I3_E_zip_0" to="I3_E_in" fromLane="2" toLane="2" dir="s" state="M"/>
    <connection from=":I3_E_zip_0" to="I3_E_in" fromLane="3" toLane="3" dir="s" state="M"/>
    <connection from=":I3_E_zip_0" to="I3_E_in" fromLane="4" toLane="4" dir="s" state="M"/>
    <connection from=":I3_N_zip_0" to="I3_N_in" fromLane="0" toLane="0" dir="s" state="M"/>
    <connection from=":I3_N_zip_0" to="I3_N_in" fromLane="1" toLane="1" dir="s" state="M"/>
    <connection from=":I3_N_zip_0" to="I3_N_in" fromLane="2" toLane="2" dir="s" state="M"/>
    <connection from=":I3_S_zip_0" to="I3_S_in" fromLane="0" toLane="0" dir="s" state="M"/>
    <connection from=":I3_S_zip_0" to="I3_S_in" fromLane="1" toLane="1" dir="s" state="M"/>
    <connection from=":I3_W_zip_0" to="I3_W_in" fromLane="0" toLane="0" dir="s" state="M"/>
    <connection from=":I3_W_zip_0" to="I3_W_in" fromLane="1" toLane="1" dir="s" state="M"/>
    <connection from=":I3_W_zip_0" to="I3_W_in" fromLane="2" toLane="2" dir="s" state="M"/>
    <connection from=":I3_W_zip_0" to="I3_W_in" fromLane="3" toLane="3" dir="s" state="M"/>
    <connection from=":I3_W_zip_0" to="I3_W_in" fromLane="4" toLane="4" dir="s" state="M"/>
    <connection from=":PR_2_3__0" to="I3_W_zip_in" fromLane="0" toLane="1" dir="r" state="M"/>
    <connection from=":PR_2_3__1" to="PR_DE_2_3_out" fromLane="0" toLane="0" dir="t" state="M"/>
    <connection from=":PR_2_3__2" to="PR_DE_2_3_out" fromLane="0" toLane="0" dir="r" state="M"/>
    <connection from=":PR_2_3__3" to="I3_W_zip_in" fromLane="0" toLane="2" dir="s" state="M"/>
    <connection from=":PR_2_3__3" to="I3_W_zip_in" fromLane="1" toLane="3" dir="s" state="M"/>
    <connection from=":PR_3_2__0" to="I2_E_zip_in" fromLane="0" toLane="1" dir="r" state="M"/>
    <connection from=":PR_3_2__1" to="PR_DE_3_2_out" fromLane="0" toLane="0" dir="t" state="M"/>
    <connection from=":PR_3_2__2" to="PR_DE_3_2_out" fromLane="0" toLane="0" dir="r" state="M"/>
    <connection from=":PR_3_2__3" to="I2_E_zip_in" fromLane="0" toLane="1" dir="s" state="M"/>
    <connection from=":PR_3_2__4" to="PR_DE_3_2_out" fromLane="0" toLane="0" via=":PR_3_2__7_0" dir="r" state="m"/>
    <connection from=":PR_3_2__7" to="PR_DE_3_2_out" fromLane="0" toLane="0" dir="r" state="M"/>
    <connection from=":PR_3_2__5" to="I2_E_zip_in" fromLane="0" toLane="1" dir="s" state="M"/>
    <connection from=":PR_3_2__5" to="I2_E_zip_in" fromLane="1" toLane="2" dir="s" state="M"/>
    <connection from=":PR_DE_2_3_0" to="PR_DE_2_3_in" fromLane="0" toLane="0" dir="t" state="M"/>
    <connection from=":PR_DE_3_2_0" to="PR_DE_3_2_in" fromLane="0" toLane="0" dir="t" state="M"/>

</net>

