{"0": [], "1": [["S2.N2", 5, "bus"], ["S2.W2", 5, "bus"], ["W2.E3", 5, "bus"], ["N2.S2", 5, "bus"], ["E3.W2", 5, "bus"], ["E3.S3", 5, "motorcycle"], ["E3.S2", 5, "motorcycle"], ["S3.S2", 5, "motorcycle"], ["S2.N2", 5, "passenger"], ["S2.W2", 5, "passenger"], ["W2.E3", 5, "passenger"], ["W2.N2", 5, "passenger"], ["W2.N2", 5, "passenger"], ["N2.E3", 5, "passenger"], ["N2.S2", 5, "passenger"], ["N3.E3", 5, "passenger"], ["N3.E3", 5, "passenger"], ["N3.E3", 5, "passenger"], ["N3.S2", 5, "passenger"], ["E3.S3", 5, "passenger"], ["E3.S3", 5, "passenger"], ["E3.S3", 5, "passenger"], ["E3.S3", 5, "passenger"], ["E3.S3", 5, "passenger"], ["E3.S3", 5, "passenger"], ["E3.S3", 5, "passenger"], ["E3.S3", 5, "passenger"], ["E3.W2", 5, "passenger"], ["S3.E3", 5, "passenger"], ["S3.W2", 5, "passenger"], ["S2.W2", 5, "truck"], ["W2.E3", 5, "truck"], ["N2.S2", 5, "truck"], ["E3.S2", 5, "truck"]], "2": [], "3": [["E3.W2", 5, "passenger"]], "4": [["N2.S2", 5, "passenger"], ["S2.E3", 5, "passenger"]], "5": [], "6": [["N3.E3", 5, "passenger"]], "7": [["N2.W2", 5, "passenger"]], "8": [], "9": [["N2.S2", 5, "passenger"], ["E3.S2", 5, "passenger"]], "10": [], "11": [["W2.E3", 5, "passenger"], ["N2.S2", 5, "passenger"]], "12": [["S2.N2", 5, "passenger"], ["N2.E3", 5, "passenger"]], "13": [["N2.W2", 5, "passenger"]], "14": [["E3.W2", 5, "passenger"], ["E3.S2", 5, "truck"]], "15": [["N2.E3", 5, "passenger"]], "16": [["S2.N2", 5, "passenger"], ["W2.E3", 5, "passenger"]], "17": [], "18": [["W2.E3", 5, "passenger"]], "19": [["W2.N2", 5, "passenger"], ["N2.W2", 5, "passenger"]], "20": [["W2.E3", 5, "passenger"], ["W2.E3", 5, "passenger"], ["N2.S2", 5, "passenger"], ["N2.W2", 5, "passenger"], ["E3.N3", 5, "passenger"]], "21": [["W2.E3", 5, "passenger"], ["E3.W2", 5, "passenger"]], "22": [["S2.N2", 5, "passenger"], ["W2.E3", 5, "passenger"]], "23": [], "24": [], "25": [["S2.N2", 5, "passenger"], ["W2.EXIT23", 5, "truck"]], "26": [["N2.W2", 5, "passenger"]], "27": [], "28": [["N2.S2", 5, "passenger"], ["W2.S2", 5, "passenger"]], "29": [["S2.N2", 5, "passenger"]], "30": [["S2.N2", 5, "passenger"]], "31": [], "32": [], "33": [], "34": [["W2.E3", 5, "passenger"], ["E3.S2", 5, "passenger"]], "35": [["E3.W2", 5, "passenger"]], "36": [["S3.N2", 5, "passenger"]], "37": [["N2.S2", 5, "passenger"]], "38": [], "39": [["W2.E3", 5, "passenger"], ["N2.E3", 5, "passenger"], ["N3.W2", 5, "passenger"]], "40": [["N2.S2", 5, "passenger"], ["E3.S3", 5, "passenger"]], "41": [], "42": [["S2.W2", 5, "passenger"]], "43": [["N2.E3", 5, "passenger"]], "44": [], "45": [["E3.W2", 5, "passenger"]], "46": [["S2.N2", 5, "passenger"]], "47": [["W2.E3", 5, "passenger"], ["E3.W2", 5, "passenger"]], "48": [["W2.E3", 5, "passenger"], ["N2.S2", 5, "passenger"], ["N2.W2", 5, "passenger"]], "49": [["E3.S2", 5, "passenger"]], "50": [["S2.N2", 5, "passenger"], ["E3.S2", 5, "passenger"]], "51": [["E3.W2", 5, "passenger"]], "52": [], "53": [["S2.N2", 5, "passenger"], ["E3.W2", 5, "passenger"]], "54": [["W2.N2", 5, "passenger"], ["E3.W2", 5, "passenger"]], "55": [["S2.S3", 5, "passenger"], ["N2.W2", 5, "passenger"]], "56": [["N2.S2", 5, "passenger"], ["E3.S2", 5, "passenger"]], "57": [], "58": [["S2.N2", 5, "passenger"], ["W2.N2", 5, "passenger"]], "59": [["W2.E3", 5, "passenger"], ["W2.N2", 5, "passenger"]], "60": [["S2.E3", 5, "passenger"]], "61": [["W2.N2", 5, "passenger"], ["E3.W2", 5, "passenger"]], "62": [["S2.W2", 5, "passenger"], ["E3.W2", 5, "passenger"], ["S2.E3", 5, "passenger"]], "63": [["E3.W2", 5, "passenger"]], "64": [["S2.N2", 5, "passenger"], ["W2.E3", 5, "passenger"], ["E3.S3", 5, "passenger"], ["E3.S2", 5, "passenger"], ["W2.S2", 5, "passenger"]], "65": [], "66": [["N2.S2", 5, "passenger"], ["E3.W2", 5, "passenger"]], "67": [["S2.W2", 5, "passenger"], ["E3.W2", 5, "passenger"]], "68": [], "69": [["S2.N2", 5, "passenger"], ["E3.W2", 5, "passenger"]], "70": [["S2.W2", 5, "passenger"], ["W2.S3", 5, "passenger"], ["E3.S3", 5, "passenger"], ["E3.W2", 5, "passenger"], ["E3.EXIT32", 5, "passenger"]], "71": [["E3.W2", 5, "passenger"]], "72": [["E3.W2", 5, "passenger"], ["S2.E3", 5, "passenger"]], "73": [["N2.S2", 5, "passenger"], ["E3.S2", 5, "passenger"], ["E3.W2", 5, "passenger"], ["S3.W2", 5, "passenger"]], "74": [], "75": [["S2.W2", 5, "passenger"], ["W2.E3", 5, "passenger"]], "76": [["S2.N2", 5, "passenger"]], "77": [], "78": [], "79": [], "80": [["E3.S2", 5, "passenger"]], "81": [["E3.W2", 5, "passenger"], ["E3.W2", 5, "passenger"]], "82": [["N2.W2", 5, "passenger"], ["W2.S2", 5, "passenger"]], "83": [["N2.S2", 5, "passenger"], ["W2.S2", 5, "passenger"]], "84": [], "85": [["S2.N2", 5, "passenger"], ["E3.S2", 5, "passenger"], ["N2.W2", 5, "passenger"]], "86": [["S2.N2", 5, "passenger"]], "87": [["N2.S2", 5, "passenger"], ["E3.S3", 5, "passenger"]], "88": [["S3.W2", 5, "passenger"]], "89": [["E3.S2", 5, "passenger"]], "90": [["S2.E3", 5, "passenger"]], "91": [], "92": [], "93": [], "94": [["N2.S2", 5, "passenger"]], "95": [["E3.S2", 5, "passenger"], ["S3.E3", 5, "passenger"]], "96": [["S2.N2", 5, "passenger"], ["W2.E3", 5, "passenger"]], "97": [], "98": [["E3.W2", 5, "passenger"]], "99": [["S3.S2", 5, "passenger"]], "100": [["N2.S2", 5, "passenger"]], "101": [["W2.N2", 5, "passenger"], ["N2.E3", 5, "passenger"], ["N2.W2", 5, "passenger"]], "102": [], "103": [["S2.E3", 5, "passenger"]], "104": [["W2.E3", 5, "passenger"]], "105": [["N2.S2", 5, "passenger"]], "106": [["W2.E3", 5, "passenger"], ["N2.E3", 5, "passenger"]], "107": [["N2.E3", 5, "passenger"], ["E3.W2", 5, "passenger"]], "108": [], "109": [["N2.S3", 5, "passenger"]], "110": [["S2.N2", 5, "passenger"]], "111": [], "112": [["N2.E3", 5, "passenger"]], "113": [["N2.S2", 5, "passenger"]], "114": [["S2.N2", 5, "passenger"], ["N2.E3", 5, "passenger"], ["N2.S2", 5, "passenger"]], "115": [["N2.S2", 5, "passenger"], ["E3.W2", 5, "passenger"]], "116": [["N2.S2", 5, "passenger"]], "117": [["E3.S2", 5, "passenger"]], "118": [["W2.E3", 5, "passenger"], ["E3.S2", 5, "passenger"]], "119": [["S3.W2", 5, "passenger"]], "120": [], "121": [["S2.W2", 5, "passenger"], ["W2.E3", 5, "passenger"], ["S2.N3", 5, "passenger"]], "122": [], "123": [["N2.E3", 5, "passenger"], ["N2.S2", 5, "passenger"]], "124": [["N2.W2", 5, "passenger"]], "125": [], "126": [["E3.S2", 5, "truck"]], "127": [["E3.W2", 5, "passenger"]], "128": [["S2.W2", 5, "passenger"], ["N2.N3", 5, "passenger"], ["N2.S2", 5, "passenger"], ["N2.S2", 5, "passenger"], ["N2.S2", 5, "passenger"], ["E3.N2", 5, "passenger"]], "129": [["W2.N3", 5, "passenger"], ["E3.W2", 5, "passenger"]], "130": [], "131": [], "132": [["W2.N2", 5, "passenger"], ["E3.W2", 5, "passenger"], ["E3.W2", 5, "passenger"]], "133": [["E3.W2", 5, "passenger"]], "134": [["E3.S2", 5, "passenger"], ["E3.N2", 5, "passenger"]], "135": [["S2.N2", 5, "passenger"], ["N2.S2", 5, "passenger"], ["S2.E3", 5, "passenger"]], "136": [["E3.S2", 5, "passenger"]], "137": [["W2.E3", 5, "passenger"], ["E3.W2", 5, "passenger"]], "138": [["E3.W2", 5, "passenger"], ["S2.E3", 5, "passenger"]], "139": [["N2.S2", 5, "passenger"], ["E3.W2", 5, "passenger"], ["S2.E3", 5, "passenger"]], "140": [["E3.S2", 5, "passenger"], ["S3.E3", 5, "passenger"]], "141": [["E3.N2", 5, "passenger"]], "142": [["S2.N2", 5, "passenger"]], "143": [["E3.S2", 5, "passenger"]], "144": [["N2.E3", 5, "passenger"], ["E3.W2", 5, "passenger"]], "145": [["N2.S2", 5, "passenger"]], "146": [["E3.S2", 5, "passenger"]], "147": [["W2.N2", 5, "passenger"], ["E3.S2", 5, "passenger"]], "148": [["E3.S2", 5, "passenger"]], "149": [], "150": [["S2.N2", 5, "passenger"], ["E3.N2", 5, "passenger"]], "151": [["W2.E3", 5, "passenger"]], "152": [], "153": [], "154": [["ENTER23.E3", 5, "motorcycle"], ["W2.S2", 5, "passenger"]], "155": [["W2.E3", 5, "passenger"]], "156": [], "157": [["E3.W2", 5, "passenger"], ["E3.W2", 5, "passenger"]], "158": [["W2.E3", 5, "passenger"]], "159": [["W2.E3", 5, "passenger"], ["N2.W2", 5, "passenger"], ["E3.N3", 5, "passenger"], ["S3.N3", 5, "passenger"]], "160": [["S2.N2", 5, "passenger"], ["N2.W2", 5, "passenger"]], "161": [["S2.W2", 5, "passenger"]], "162": [], "163": [["W2.E3", 5, "passenger"]], "164": [], "165": [], "166": [], "167": [["W2.E3", 5, "passenger"], ["E3.W2", 5, "passenger"], ["W2.S2", 5, "passenger"]], "168": [["E3.W2", 5, "passenger"]], "169": [], "170": [["S2.E3", 5, "passenger"]], "171": [["E3.W2", 5, "passenger"]], "172": [["N2.S2", 5, "passenger"]], "173": [["W2.E3", 5, "passenger"]], "174": [["E3.S2", 5, "passenger"]], "175": [["S2.W2", 5, "passenger"], ["N2.S2", 5, "passenger"]], "176": [["N2.E3", 5, "passenger"], ["E3.S2", 5, "passenger"], ["E3.W2", 5, "passenger"]], "177": [], "178": [["E3.W2", 5, "passenger"]], "179": [], "180": [], "181": [], "182": [["N2.S2", 5, "passenger"]], "183": [], "184": [["E3.W2", 5, "passenger"]], "185": [["W2.N2", 5, "passenger"], ["ENTER23.E3", 5, "passenger"]], "186": [["N2.S2", 5, "passenger"], ["N2.W2", 5, "passenger"], ["E3.N3", 5, "passenger"], ["W2.E3", 5, "truck"]], "187": [["W2.E3", 5, "passenger"], ["W2.N2", 5, "passenger"]], "188": [], "189": [["E3.N2", 5, "passenger"], ["S3.E3", 5, "passenger"]], "190": [["W2.E3", 5, "passenger"]], "191": [["E3.S2", 5, "passenger"], ["S3.W2", 5, "passenger"]], "192": [], "193": [], "194": [["E3.S2", 5, "passenger"]], "195": [["W2.E3", 5, "passenger"], ["E3.W2", 5, "passenger"]], "196": [["W2.N2", 5, "passenger"], ["S2.E3", 5, "passenger"]], "197": [], "198": [["E3.W2", 5, "passenger"]], "199": [["S3.S2", 5, "passenger"]], "200": [["W2.E3", 5, "passenger"]], "201": [["E3.W2", 5, "passenger"]], "202": [["S2.W2", 5, "passenger"]], "203": [["N2.W2", 5, "passenger"]], "204": [["W2.E3", 5, "passenger"], ["W2.N2", 5, "passenger"], ["W2.S2", 5, "passenger"]], "205": [["W2.S3", 5, "passenger"], ["E3.EXIT32", 5, "passenger"]], "206": [["W2.E3", 5, "passenger"], ["W2.E3", 5, "passenger"], ["E3.W2", 5, "passenger"]], "207": [["S2.W2", 5, "passenger"], ["W2.E3", 5, "passenger"], ["W2.E3", 5, "passenger"]], "208": [["S2.N2", 5, "passenger"], ["W2.N2", 5, "passenger"], ["E3.S2", 5, "passenger"]], "209": [], "210": [], "211": [], "212": [["N2.S2", 5, "passenger"]], "213": [["N2.S2", 5, "passenger"]], "214": [["ENTER32.W2", 5, "bus"], ["W2.E3", 5, "passenger"], ["W2.E3", 5, "passenger"]], "215": [["W2.E3", 5, "passenger"]], "216": [["W2.E3", 5, "passenger"], ["N3.E3", 5, "passenger"], ["N2.W2", 5, "passenger"]], "217": [["W2.N2", 5, "passenger"]], "218": [["S2.N2", 5, "passenger"], ["E3.W2", 5, "passenger"]], "219": [], "220": [["ENTER32.S2", 5, "motorcycle"], ["S2.W2", 5, "passenger"], ["S2.E3", 5, "passenger"]], "221": [], "222": [["W2.N2", 5, "passenger"], ["S3.S2", 5, "passenger"]], "223": [], "224": [["S3.E3", 5, "passenger"]], "225": [], "226": [["S2.N2", 5, "passenger"], ["W2.E3", 5, "passenger"]], "227": [["E3.W2", 5, "passenger"], ["S2.E3", 5, "passenger"]], "228": [], "229": [["N3.S3", 5, "passenger"]], "230": [["W2.E3", 5, "passenger"], ["E3.W2", 5, "passenger"]], "231": [["S2.N2", 5, "passenger"], ["W2.N2", 5, "passenger"], ["E3.S2", 5, "passenger"]], "232": [["W2.S2", 5, "passenger"]], "233": [["S2.W2", 5, "passenger"], ["W2.E3", 5, "passenger"], ["W2.N2", 5, "passenger"]], "234": [], "235": [["S2.N2", 5, "passenger"]], "236": [["N2.S2", 5, "passenger"], ["E3.W2", 5, "passenger"]], "237": [["W2.S3", 5, "passenger"]], "238": [], "239": [["N2.S2", 5, "passenger"], ["E3.S2", 5, "passenger"]], "240": [["W2.N2", 5, "passenger"], ["S3.S2", 5, "passenger"]], "241": [], "242": [["W2.N2", 5, "passenger"], ["N2.S2", 5, "passenger"], ["E3.W2", 5, "passenger"]], "243": [["S2.N2", 5, "passenger"]], "244": [], "245": [["N2.W2", 5, "passenger"]], "246": [["S2.N2", 5, "passenger"], ["S2.E3", 5, "passenger"]], "247": [["W2.E3", 5, "passenger"]], "248": [], "249": [["E3.W2", 5, "passenger"]], "250": [["W2.E3", 5, "passenger"]], "251": [["W2.N2", 5, "passenger"]], "252": [], "253": [["ENTER23.E3", 5, "motorcycle"]], "254": [["W2.N2", 5, "passenger"], ["E3.W2", 5, "passenger"], ["N2.W2", 5, "passenger"], ["E3.N3", 5, "passenger"]], "255": [["S2.N2", 5, "passenger"]], "256": [["E3.S3", 5, "passenger"], ["S3.W2", 5, "passenger"], ["S2.E3", 5, "passenger"]], "257": [["W2.S3", 5, "passenger"], ["W2.N2", 5, "passenger"]], "258": [["W2.E3", 5, "passenger"]], "259": [], "260": [["W2.N2", 5, "passenger"], ["E3.W2", 5, "passenger"]], "261": [], "262": [["S2.N2", 5, "passenger"], ["S3.W2", 5, "passenger"]], "263": [["E3.S3", 5, "passenger"]], "264": [["E3.S3", 5, "passenger"]], "265": [["N2.W2", 5, "passenger"]], "266": [], "267": [["S2.N2", 5, "passenger"]], "268": [["W2.N3", 5, "passenger"]], "269": [["W2.E3", 5, "passenger"], ["N2.S2", 5, "passenger"]], "270": [], "271": [], "272": [["S3.W2", 5, "passenger"]], "273": [], "274": [["W2.E3", 5, "passenger"], ["E3.S2", 5, "passenger"], ["E3.W2", 5, "passenger"], ["E3.W2", 5, "passenger"]], "275": [["W2.E3", 5, "passenger"]], "276": [["N2.E3", 5, "passenger"], ["S2.E3", 5, "passenger"]], "277": [["N3.S3", 5, "passenger"]], "278": [["E3.W2", 5, "passenger"], ["S2.E3", 5, "passenger"]], "279": [["E3.W2", 5, "passenger"]], "280": [], "281": [["W2.E3", 5, "passenger"], ["W2.N2", 5, "passenger"], ["E3.W2", 5, "passenger"]], "282": [], "283": [], "284": [["N2.E3", 5, "passenger"]], "285": [["E3.W2", 5, "passenger"]], "286": [["S2.W2", 5, "passenger"]], "287": [["W2.E3", 5, "passenger"]], "288": [["E3.S2", 5, "passenger"]], "289": [["S2.W2", 5, "passenger"], ["E3.S2", 5, "passenger"]], "290": [], "291": [], "292": [["W2.S2", 5, "passenger"]], "293": [], "294": [["W2.E3", 5, "passenger"], ["W2.E3", 5, "passenger"], ["N2.S2", 5, "passenger"], ["N2.S2", 5, "passenger"]], "295": [["N2.S2", 5, "passenger"]], "296": [["W2.E3", 5, "passenger"]], "297": [["W2.E3", 5, "passenger"], ["W2.E3", 5, "passenger"], ["W2.S3", 5, "passenger"], ["N3.E3", 5, "passenger"]], "298": [["S2.N2", 5, "passenger"]], "299": [["W2.E3", 5, "passenger"], ["E3.N2", 5, "passenger"], ["E3.W2", 5, "passenger"]], "300": [["W2.E3", 5, "passenger"], ["E3.W2", 5, "passenger"], ["S3.W2", 5, "passenger"]], "301": [["W2.E3", 5, "passenger"], ["W2.E3", 5, "passenger"], ["W2.E3", 5, "passenger"]], "302": [["E3.S2", 5, "passenger"], ["S2.W2", 5, "passenger"]], "303": [["N2.W2", 5, "passenger"], ["E3.N3", 5, "passenger"]], "304": [["E3.W2", 5, "passenger"], ["E3.W2", 5, "passenger"], ["E3.W2", 5, "passenger"], ["W2.S2", 5, "passenger"]], "305": [["E3.EXIT32", 5, "passenger"]], "306": [["W2.S2", 5, "passenger"], ["S2.N2", 5, "passenger"]], "307": [["E3.W2", 5, "passenger"], ["N2.W2", 5, "passenger"], ["N2.S2", 5, "passenger"]], "308": [["S2.W2", 5, "passenger"]], "309": [], "310": [["E3.S2", 5, "passenger"]], "311": [], "312": [["E3.W2", 5, "passenger"], ["E3.S2", 5, "passenger"]], "313": [["N2.S2", 5, "passenger"], ["E3.S3", 5, "passenger"]], "314": [["W2.E3", 5, "passenger"], ["E3.S3", 5, "passenger"]], "315": [], "316": [["E3.W2", 5, "passenger"]], "317": [["E3.W2", 5, "passenger"]], "318": [["W2.E3", 5, "passenger"], ["E3.W2", 5, "passenger"]], "319": [["E3.W2", 5, "passenger"], ["S2.N2", 5, "passenger"], ["S2.E3", 5, "passenger"]], "320": [["N2.S2", 5, "passenger"]], "321": [["N2.W2", 5, "passenger"]], "322": [["W2.E3", 5, "passenger"]], "323": [], "324": [["W2.S2", 5, "passenger"]], "325": [["N2.S2", 5, "passenger"]], "326": [], "327": [], "328": [["W2.S2", 5, "passenger"]], "329": [["E3.W2", 5, "passenger"]], "330": [["W2.E3", 5, "passenger"]], "331": [["W2.E3", 5, "passenger"], ["N2.W2", 5, "passenger"], ["E3.N3", 5, "passenger"], ["N2.E3", 5, "passenger"]], "332": [], "333": [], "334": [["W2.E3", 5, "passenger"], ["E3.S2", 5, "passenger"]], "335": [["N2.W2", 5, "passenger"], ["N2.S2", 5, "passenger"]], "336": [["N2.W2", 5, "passenger"]], "337": [], "338": [], "339": [], "340": [], "341": [["N2.W2", 5, "passenger"], ["E3.N3", 5, "passenger"]], "342": [["W2.S3", 5, "passenger"], ["S2.W2", 5, "passenger"]], "343": [], "344": [["E3.N2", 5, "passenger"]], "345": [], "346": [["E3.W2", 5, "passenger"], ["E3.S2", 5, "passenger"]], "347": [["W2.E3", 5, "passenger"]], "348": [["E3.N2", 5, "passenger"], ["S2.N2", 5, "passenger"]], "349": [["E3.W2", 5, "passenger"]], "350": [["E3.W2", 5, "passenger"]], "351": [["S2.W2", 5, "passenger"]], "352": [], "353": [["E3.W2", 5, "passenger"], ["N2.S2", 5, "passenger"]], "354": [], "355": [], "356": [["W2.S3", 5, "passenger"]], "357": [["N2.W2", 5, "passenger"], ["E3.N3", 5, "passenger"]], "358": [["E3.W2", 5, "passenger"], ["N2.S2", 5, "passenger"]], "359": [], "360": [["S2.S3", 5, "passenger"]], "361": [["E3.S2", 5, "passenger"]], "362": [["S2.W2", 5, "passenger"]], "363": [], "364": [["W2.E3", 5, "passenger"], ["S2.N2", 5, "passenger"], ["S2.E3", 5, "passenger"], ["S2.E3", 5, "passenger"], ["N2.E3", 5, "passenger"], ["N3.W2", 5, "passenger"]], "365": [], "366": [["W2.E3", 5, "passenger"], ["E3.S2", 5, "passenger"], ["N2.W2", 5, "passenger"], ["N2.S2", 5, "passenger"]], "367": [["W2.E3", 5, "passenger"]], "368": [], "369": [], "370": [["S3.S2", 5, "passenger"], ["S2.N2", 5, "passenger"]], "371": [], "372": [["N2.W2", 5, "passenger"], ["W2.S2", 5, "passenger"], ["S2.E3", 5, "passenger"]], "373": [["N2.S3", 5, "passenger"]], "374": [["N2.E3", 5, "passenger"]], "375": [["E3.W2", 5, "passenger"], ["S2.N2", 5, "passenger"]], "376": [["E3.W2", 5, "passenger"]], "377": [["E3.S3", 5, "passenger"], ["S2.E3", 5, "passenger"]], "378": [["S2.E3", 5, "passenger"]], "379": [["W2.E3", 5, "passenger"], ["E3.W2", 5, "passenger"], ["E3.W2", 5, "passenger"]], "380": [["N2.W2", 5, "passenger"]], "381": [], "382": [["E3.S2", 5, "passenger"], ["N2.W2", 5, "passenger"], ["E3.N3", 5, "passenger"], ["W2.N2", 5, "passenger"]], "383": [["W2.EXIT23", 5, "truck"]], "384": [["W2.E3", 5, "passenger"], ["E3.W2", 5, "passenger"], ["W2.S2", 5, "passenger"], ["N2.S2", 5, "passenger"]], "385": [["W2.E3", 5, "passenger"], ["E3.S3", 5, "passenger"]], "386": [["W2.N2", 5, "passenger"]], "387": [], "388": [["W2.S2", 5, "passenger"]], "389": [["W2.E3", 5, "passenger"], ["E3.N2", 5, "passenger"], ["N2.W2", 5, "passenger"], ["E3.N3", 5, "passenger"]], "390": [], "391": [["W2.N2", 5, "passenger"]], "392": [["N2.E3", 5, "passenger"]], "393": [], "394": [["W2.E3", 5, "passenger"], ["E3.W2", 5, "passenger"], ["N2.S2", 5, "passenger"]], "395": [["E3.W2", 5, "passenger"], ["S2.N2", 5, "passenger"]], "396": [["N2.W2", 5, "passenger"], ["E3.N3", 5, "passenger"]], "397": [["S3.W2", 5, "passenger"]], "398": [["E3.W2", 5, "passenger"]], "399": [["S2.E3", 5, "passenger"]], "400": [], "401": [["W2.E3", 5, "passenger"], ["W2.E3", 5, "passenger"], ["E3.W2", 5, "passenger"], ["S2.N2", 5, "passenger"], ["N2.S2", 5, "passenger"]], "402": [], "403": [["W2.E3", 5, "passenger"]], "404": [["W2.E3", 5, "passenger"], ["W2.E3", 5, "passenger"]], "405": [["N2.E3", 5, "passenger"]], "406": [], "407": [], "408": [], "409": [["E3.W2", 5, "passenger"], ["S2.N2", 5, "passenger"], ["N2.S2", 5, "passenger"]], "410": [], "411": [["W2.S2", 5, "passenger"]], "412": [["N2.S2", 5, "passenger"]], "413": [["W2.E3", 5, "passenger"], ["S2.W2", 5, "passenger"], ["S2.E3", 5, "passenger"]], "414": [["W2.E3", 5, "passenger"], ["N2.E3", 5, "passenger"]], "415": [], "416": [["S2.N2", 5, "passenger"]], "417": [["E3.W2", 5, "passenger"]], "418": [], "419": [["N2.S2", 5, "passenger"]], "420": [["E3.W2", 5, "passenger"]], "421": [["N2.W2", 5, "passenger"], ["E3.N3", 5, "passenger"]], "422": [["W2.S2", 5, "passenger"]], "423": [], "424": [["E3.S2", 5, "passenger"], ["S2.N2", 5, "passenger"]], "425": [["E3.W2", 5, "passenger"]], "426": [["E3.W2", 5, "passenger"], ["E3.S2", 5, "passenger"]], "427": [["W2.S2", 5, "passenger"], ["S2.N2", 5, "passenger"], ["N2.S2", 5, "passenger"]], "428": [["E3.S3", 5, "passenger"]], "429": [], "430": [], "431": [["E3.N2", 5, "passenger"]], "432": [["E3.W2", 5, "passenger"]], "433": [["E3.W2", 5, "passenger"]], "434": [["E3.S2", 5, "passenger"], ["S3.E3", 5, "passenger"]], "435": [["E3.W2", 5, "passenger"]], "436": [], "437": [], "438": [["S3.N2", 5, "passenger"], ["S2.N2", 5, "passenger"], ["W2.N2", 5, "passenger"]], "439": [["E3.W2", 5, "passenger"], ["E3.S2", 5, "passenger"], ["S2.W2", 5, "passenger"], ["N2.S2", 5, "passenger"]], "440": [], "441": [["E3.W2", 5, "passenger"]], "442": [["E3.W2", 5, "passenger"]], "443": [["N2.W2", 5, "passenger"]], "444": [["S3.W2", 5, "passenger"]], "445": [["E3.W2", 5, "passenger"], ["E3.S2", 5, "passenger"], ["W2.N2", 5, "passenger"]], "446": [], "447": [], "448": [["E3.N2", 5, "passenger"], ["E3.W2", 5, "passenger"], ["N2.S2", 5, "passenger"], ["W2.N2", 5, "passenger"], ["ENTER23.E3", 5, "passenger"]], "449": [["S2.E3", 5, "passenger"], ["W2.N2", 5, "passenger"]], "450": [["E3.S2", 5, "passenger"]], "451": [["E3.S2", 5, "passenger"]], "452": [["S2.N2", 5, "passenger"]], "453": [["E3.W2", 5, "passenger"], ["W2.N2", 5, "passenger"]], "454": [], "455": [], "456": [["S3.W2", 5, "passenger"], ["N2.S2", 5, "passenger"]], "457": [["W2.E3", 5, "passenger"]], "458": [["E3.W2", 5, "passenger"], ["E3.S2", 5, "passenger"]], "459": [["E3.W2", 5, "passenger"]], "460": [], "461": [], "462": [["E3.N2", 5, "passenger"], ["N2.S2", 5, "passenger"]], "463": [], "464": [["E3.N2", 5, "passenger"]], "465": [["N2.S2", 5, "passenger"]], "466": [], "467": [["W2.E3", 5, "passenger"]], "468": [["E3.W2", 5, "passenger"], ["E3.W2", 5, "passenger"]], "469": [["N2.W2", 5, "passenger"]], "470": [["W2.E3", 5, "passenger"], ["E3.W2", 5, "passenger"]], "471": [["E3.W2", 5, "passenger"], ["S2.W2", 5, "passenger"], ["S2.N2", 5, "passenger"]], "472": [], "473": [], "474": [["S2.N2", 5, "passenger"], ["N2.S2", 5, "passenger"]], "475": [["W2.E3", 5, "passenger"], ["E3.EXIT32", 5, "passenger"], ["N2.W2", 5, "passenger"], ["W2.S2", 5, "passenger"]], "476": [["N2.W2", 5, "passenger"]], "477": [["S2.E3", 5, "passenger"]], "478": [["S2.N2", 5, "passenger"], ["W2.N2", 5, "passenger"]], "479": [], "480": [], "481": [["W2.E3", 5, "passenger"]], "482": [["S2.N2", 5, "passenger"]], "483": [["E3.W2", 5, "passenger"]], "484": [["W2.E3", 5, "passenger"], ["E3.W2", 5, "passenger"], ["W2.N2", 5, "passenger"]], "485": [["N3.E3", 5, "passenger"]], "486": [["E3.N2", 5, "passenger"]], "487": [], "488": [], "489": [["W2.E3", 5, "passenger"]], "490": [], "491": [["E3.W2", 5, "passenger"], ["E3.S2", 5, "passenger"], ["N2.S2", 5, "passenger"]], "492": [["E3.S2", 5, "passenger"]], "493": [], "494": [["W2.E3", 5, "passenger"], ["W2.S2", 5, "passenger"]], "495": [], "496": [["E3.W2", 5, "passenger"], ["S3.E3", 5, "passenger"]], "497": [], "498": [["N2.S2", 5, "passenger"], ["S2.E3", 5, "passenger"]], "499": [["N2.S2", 5, "passenger"]], "500": [], "501": [], "502": [["E3.S2", 5, "passenger"]], "503": [["W2.E3", 5, "passenger"], ["E3.W2", 5, "passenger"], ["S3.W2", 5, "passenger"], ["N2.S2", 5, "passenger"]], "504": [], "505": [], "506": [["E3.W2", 5, "passenger"]], "507": [], "508": [], "509": [["E3.W2", 5, "passenger"], ["S2.E3", 5, "passenger"]], "510": [], "511": [], "512": [["S2.W2", 5, "passenger"]], "513": [], "514": [["E3.S2", 5, "passenger"]], "515": [], "516": [], "517": [["N2.E3", 5, "passenger"]], "518": [], "519": [], "520": [["W2.S3", 5, "passenger"], ["S2.N2", 5, "passenger"]], "521": [["W2.E3", 5, "passenger"], ["E3.W2", 5, "passenger"], ["E3.W2", 5, "passenger"]], "522": [["N2.S2", 5, "passenger"], ["S3.E3", 5, "passenger"]], "523": [["E3.W2", 5, "passenger"]], "524": [["W2.E3", 5, "passenger"]], "525": [["E3.W2", 5, "passenger"], ["N2.S2", 5, "passenger"]], "526": [], "527": [["N2.W2", 5, "passenger"]], "528": [], "529": [], "530": [["E3.S2", 5, "passenger"], ["S3.W2", 5, "passenger"], ["W2.S2", 5, "passenger"]], "531": [["S2.W2", 5, "passenger"]], "532": [["W2.E3", 5, "passenger"], ["S2.E3", 5, "passenger"]], "533": [], "534": [["N2.W2", 5, "passenger"], ["E3.N3", 5, "passenger"], ["S2.N2", 5, "passenger"]], "535": [], "536": [], "537": [], "538": [["E3.W2", 5, "passenger"], ["N2.S2", 5, "passenger"]], "539": [["E3.S2", 5, "passenger"]], "540": [["E3.W2", 5, "passenger"], ["E3.W2", 5, "passenger"], ["S3.W2", 5, "passenger"]], "541": [["E3.S3", 5, "passenger"], ["S2.E3", 5, "passenger"], ["S2.E3", 5, "passenger"]], "542": [["S2.E3", 5, "passenger"], ["S3.E3", 5, "passenger"]], "543": [], "544": [], "545": [["E3.W2", 5, "passenger"], ["E3.W2", 5, "passenger"]], "546": [], "547": [["E3.W2", 5, "passenger"], ["E3.W2", 5, "passenger"], ["E3.EXIT32", 5, "passenger"], ["N2.S2", 5, "passenger"]], "548": [], "549": [["W2.E3", 5, "passenger"]], "550": [["E3.N2", 5, "passenger"]], "551": [["N3.E3", 5, "passenger"]], "552": [["S3.E3", 5, "passenger"], ["W2.E3", 5, "truck"]], "553": [["N2.W2", 5, "passenger"], ["E3.N3", 5, "passenger"]], "554": [["W2.E3", 5, "passenger"], ["E3.S3", 5, "passenger"]], "555": [["E3.W2", 5, "passenger"], ["N2.S2", 5, "passenger"], ["W2.N2", 5, "passenger"]], "556": [["W2.E3", 5, "passenger"]], "557": [["W2.E3", 5, "passenger"]], "558": [["W2.S2", 5, "passenger"]], "559": [], "560": [["N2.S2", 5, "passenger"]], "561": [["W2.E3", 5, "passenger"]], "562": [], "563": [["S2.S3", 5, "passenger"]], "564": [["E3.S2", 5, "passenger"]], "565": [["N2.S2", 5, "passenger"]], "566": [["W2.S3", 5, "passenger"]], "567": [["E3.W2", 5, "passenger"]], "568": [["E3.EXIT32", 5, "motorcycle"]], "569": [], "570": [["E3.W2", 5, "passenger"]], "571": [["E3.W2", 5, "passenger"], ["W2.N2", 5, "passenger"], ["W2.N2", 5, "passenger"]], "572": [], "573": [["N2.S2", 5, "passenger"]], "574": [["W2.E3", 5, "passenger"]], "575": [["W2.E3", 5, "passenger"], ["E3.W2", 5, "passenger"], ["E3.W2", 5, "passenger"]], "576": [["W2.E3", 5, "passenger"], ["W2.N2", 5, "passenger"], ["W2.N2", 5, "passenger"], ["W2.N2", 5, "passenger"]], "577": [["W2.E3", 5, "passenger"], ["E3.W2", 5, "passenger"]], "578": [], "579": [], "580": [["E3.W2", 5, "passenger"], ["N2.S2", 5, "passenger"]], "581": [["E3.N2", 5, "passenger"]], "582": [["E3.S2", 5, "passenger"]], "583": [["W2.E3", 5, "passenger"], ["E3.S2", 5, "passenger"], ["E3.S2", 5, "passenger"]], "584": [["E3.W2", 5, "passenger"], ["W2.N2", 5, "passenger"]], "585": [["W2.E3", 5, "passenger"], ["W2.E3", 5, "passenger"], ["E3.S2", 5, "passenger"]], "586": [["N2.W2", 5, "passenger"], ["N2.S2", 5, "passenger"], ["W2.N2", 5, "passenger"]], "587": [["E3.W2", 5, "passenger"], ["S3.S2", 5, "passenger"]], "588": [["E3.S2", 5, "passenger"]], "589": [["E3.W2", 5, "passenger"]], "590": [], "591": [["N2.S2", 5, "passenger"]], "592": [["W2.E3", 5, "passenger"], ["E3.N2", 5, "passenger"], ["E3.S2", 5, "passenger"]], "593": [], "594": [["S2.N2", 5, "passenger"]], "595": [["W2.S3", 5, "passenger"], ["W2.E3", 5, "passenger"]], "596": [["W2.E3", 5, "passenger"]], "597": [["N2.S2", 5, "passenger"], ["N3.S3", 5, "passenger"]], "598": [["S2.E3", 5, "passenger"]], "599": [["S3.S2", 5, "passenger"], ["S2.W2", 5, "passenger"]], "600": [["S2.N2", 5, "passenger"]], "601": [["E3.W2", 5, "passenger"]], "602": [["W2.E3", 5, "passenger"], ["E3.S3", 5, "passenger"]], "603": [["W2.E3", 5, "passenger"]], "604": [], "605": [], "606": [["S2.N2", 5, "passenger"], ["W2.E3", 5, "passenger"]], "607": [["S2.N2", 5, "passenger"]], "608": [], "609": [], "610": [["W2.N2", 5, "passenger"]], "611": [["E3.S2", 5, "passenger"], ["N2.W2", 5, "passenger"], ["E3.N3", 5, "passenger"]], "612": [], "613": [["E3.W2", 5, "passenger"], ["E3.S2", 5, "passenger"], ["W2.E3", 5, "passenger"]], "614": [["W2.S2", 5, "passenger"]], "615": [], "616": [["E3.W2", 5, "passenger"], ["W2.E3", 5, "passenger"], ["W2.S2", 5, "passenger"]], "617": [["N2.W2", 5, "passenger"]], "618": [], "619": [["S2.N2", 5, "passenger"], ["E3.S2", 5, "passenger"], ["W2.E3", 5, "passenger"]], "620": [["N3.E3", 5, "passenger"]], "621": [], "622": [], "623": [["S3.E3", 5, "passenger"]], "624": [["W2.E3", 5, "passenger"]], "625": [["E3.S2", 5, "passenger"]], "626": [], "627": [["W2.S2", 5, "passenger"]], "628": [], "629": [["S2.S3", 5, "passenger"], ["S3.S2", 5, "passenger"]], "630": [["E3.W2", 5, "passenger"]], "631": [], "632": [["E3.W2", 5, "passenger"], ["N3.E3", 5, "passenger"]], "633": [], "634": [["E3.W2", 5, "passenger"], ["W2.E3", 5, "passenger"]], "635": [["E3.W2", 5, "passenger"]], "636": [], "637": [["E3.S3", 5, "passenger"]], "638": [["E3.S2", 5, "passenger"], ["S2.E3", 5, "passenger"]], "639": [["E3.S2", 5, "passenger"]], "640": [], "641": [["E3.W2", 5, "passenger"], ["S3.E3", 5, "passenger"], ["N2.E3", 5, "passenger"], ["N2.E3", 5, "passenger"]], "642": [["E3.W2", 5, "passenger"]], "643": [["S2.W2", 5, "passenger"]], "644": [["E3.W2", 5, "passenger"]], "645": [["W2.S2", 5, "passenger"]], "646": [["E3.W2", 5, "passenger"], ["E3.S3", 5, "passenger"]], "647": [], "648": [["E3.W2", 5, "passenger"], ["W2.E3", 5, "passenger"], ["N2.E3", 5, "passenger"]], "649": [["N2.E3", 5, "passenger"]], "650": [], "651": [["N2.E3", 5, "passenger"]], "652": [], "653": [["E3.W2", 5, "passenger"], ["E3.N2", 5, "passenger"]], "654": [["E3.S2", 5, "passenger"], ["W2.S2", 5, "passenger"]], "655": [["E3.N2", 5, "passenger"], ["N2.E3", 5, "passenger"]], "656": [], "657": [], "658": [["N2.S2", 5, "passenger"]], "659": [["S2.N2", 5, "passenger"], ["N2.W2", 5, "passenger"]], "660": [["E3.W2", 5, "passenger"], ["E3.S2", 5, "passenger"], ["N2.S2", 5, "passenger"]], "661": [["N2.S2", 5, "passenger"]], "662": [["S3.W2", 5, "passenger"]], "663": [["N2.W2", 5, "passenger"], ["N2.E3", 5, "passenger"]], "664": [["S2.N2", 5, "passenger"], ["N2.S2", 5, "passenger"]], "665": [["S2.N2", 5, "passenger"], ["E3.W2", 5, "passenger"], ["S2.E3", 5, "passenger"]], "666": [["S2.N2", 5, "passenger"], ["E3.W2", 5, "passenger"]], "667": [], "668": [], "669": [], "670": [["S2.W2", 5, "passenger"]], "671": [], "672": [["E3.S2", 5, "passenger"]], "673": [["E3.W2", 5, "passenger"], ["E3.W2", 5, "passenger"], ["S3.E3", 5, "passenger"], ["N2.S2", 5, "passenger"]], "674": [["E3.W2", 5, "passenger"], ["N2.S2", 5, "passenger"]], "675": [["N2.W2", 5, "passenger"], ["N2.S2", 5, "passenger"]], "676": [["E3.W2", 5, "passenger"], ["E3.S2", 5, "passenger"], ["S2.E3", 5, "passenger"], ["S2.E3", 5, "passenger"]], "677": [["E3.W2", 5, "passenger"]], "678": [["S2.W2", 5, "passenger"]], "679": [], "680": [["S2.N2", 5, "passenger"], ["N2.S2", 5, "passenger"]], "681": [["S2.N2", 5, "passenger"], ["E3.W2", 5, "passenger"], ["W2.S2", 5, "passenger"]], "682": [], "683": [], "684": [], "685": [], "686": [["S2.W2", 5, "passenger"]], "687": [["E3.W2", 5, "passenger"], ["E3.W2", 5, "passenger"], ["N2.S2", 5, "passenger"]], "688": [], "689": [["E3.W2", 5, "passenger"]], "690": [], "691": [], "692": [], "693": [["N2.E3", 5, "passenger"], ["S2.W2", 5, "passenger"]], "694": [["E3.W2", 5, "passenger"]], "695": [["N2.W2", 5, "passenger"]], "696": [["S2.N2", 5, "passenger"], ["E3.W2", 5, "passenger"], ["E3.W2", 5, "passenger"], ["W2.N2", 5, "passenger"], ["S3.W2", 5, "passenger"]], "697": [], "698": [["W2.S2", 5, "passenger"], ["N2.S2", 5, "passenger"]], "699": [["N2.W2", 5, "passenger"]], "700": [["E3.N2", 5, "passenger"], ["N2.W2", 5, "passenger"]], "701": [["S2.N2", 5, "passenger"], ["N2.S2", 5, "passenger"]], "702": [["S2.N2", 5, "passenger"], ["S2.N2", 5, "passenger"], ["S2.N2", 5, "passenger"], ["W2.N2", 5, "passenger"], ["S2.W2", 5, "passenger"]], "703": [["E3.W2", 5, "passenger"]], "704": [["S2.N2", 5, "passenger"]], "705": [["E3.W2", 5, "passenger"]], "706": [["S2.E3", 5, "passenger"], ["N2.S2", 5, "passenger"]], "707": [], "708": [["N2.S2", 5, "passenger"]], "709": [["N3.S2", 5, "passenger"]], "710": [["S2.N2", 5, "passenger"], ["E3.W2", 5, "passenger"], ["E3.S2", 5, "passenger"]], "711": [], "712": [["E3.W2", 5, "passenger"]], "713": [], "714": [["E3.W2", 5, "passenger"], ["E3.W2", 5, "passenger"], ["E3.W2", 5, "passenger"], ["E3.S3", 5, "passenger"]], "715": [["W2.S2", 5, "passenger"]], "716": [["E3.N2", 5, "passenger"], ["N2.W2", 5, "passenger"]], "717": [["W2.N3", 5, "passenger"], ["W2.N2", 5, "passenger"], ["N2.E3", 5, "passenger"]], "718": [], "719": [["E3.W2", 5, "passenger"]], "720": [["S3.W2", 5, "passenger"], ["S2.W2", 5, "passenger"]], "721": [["W2.E3", 5, "passenger"]], "722": [], "723": [["N3.W2", 5, "passenger"]], "724": [["S2.W2", 5, "passenger"]], "725": [], "726": [["E3.S2", 5, "passenger"], ["N2.W2", 5, "passenger"], ["E3.N3", 5, "passenger"]], "727": [["W2.E3", 5, "passenger"]], "728": [], "729": [["N2.S2", 5, "passenger"]], "730": [["W2.E3", 5, "passenger"]], "731": [["E3.S2", 5, "passenger"], ["W2.E3", 5, "passenger"]], "732": [["W2.E3", 5, "passenger"]], "733": [], "734": [["S2.W2", 5, "passenger"]], "735": [["W2.S2", 5, "passenger"], ["N2.E3", 5, "passenger"]], "736": [], "737": [["N2.S2", 5, "passenger"]], "738": [], "739": [["S3.S2", 5, "passenger"]], "740": [["W2.E3", 5, "passenger"]], "741": [["E3.EXIT32", 5, "passenger"]], "742": [["E3.W2", 5, "passenger"], ["E3.S2", 5, "passenger"], ["E3.S2", 5, "passenger"], ["W2.N2", 5, "passenger"]], "743": [], "744": [["E3.W2", 5, "passenger"]], "745": [["S2.E3", 5, "passenger"]], "746": [["S2.N2", 5, "passenger"], ["E3.S2", 5, "passenger"]], "747": [["E3.W2", 5, "passenger"], ["N2.S2", 5, "passenger"]], "748": [], "749": [["E3.S2", 5, "passenger"], ["W2.E3", 5, "passenger"], ["W2.N2", 5, "passenger"]], "750": [], "751": [["S2.N2", 5, "passenger"], ["E3.S2", 5, "passenger"], ["S2.W2", 5, "passenger"]], "752": [["E3.W2", 5, "passenger"]], "753": [["S2.N2", 5, "passenger"], ["E3.S2", 5, "passenger"]], "754": [["E3.W2", 5, "passenger"], ["E3.W2", 5, "passenger"], ["W2.E3", 5, "passenger"], ["N2.W2", 5, "passenger"], ["E3.N3", 5, "passenger"], ["W2.S2", 5, "passenger"]], "755": [["S2.E3", 5, "passenger"]], "756": [["E3.W2", 5, "passenger"]], "757": [["E3.S2", 5, "passenger"], ["W2.E3", 5, "passenger"], ["N2.S2", 5, "passenger"]], "758": [["E3.W2", 5, "passenger"], ["E3.S2", 5, "passenger"]], "759": [["S2.N2", 5, "passenger"]], "760": [["E3.S2", 5, "passenger"], ["S2.E3", 5, "passenger"]], "761": [["W2.E3", 5, "passenger"], ["W2.E3", 5, "passenger"]], "762": [["E3.N2", 5, "passenger"], ["W2.N3", 5, "passenger"], ["W2.S3", 5, "passenger"], ["W2.E3", 5, "passenger"], ["W2.E3", 5, "passenger"]], "763": [["S2.N2", 5, "passenger"], ["E3.W2", 5, "passenger"], ["S2.E3", 5, "passenger"]], "764": [["N2.W2", 5, "passenger"], ["E3.N3", 5, "passenger"]], "765": [["E3.W2", 5, "passenger"]], "766": [["E3.W2", 5, "passenger"], ["E3.S3", 5, "passenger"], ["E3.S3", 5, "passenger"]], "767": [], "768": [["E3.W2", 5, "passenger"], ["E3.S2", 5, "passenger"], ["N2.W2", 5, "passenger"], ["N2.S3", 5, "passenger"]], "769": [], "770": [["E3.W2", 5, "passenger"], ["W2.E3", 5, "passenger"]], "771": [["W2.S3", 5, "passenger"], ["W2.E3", 5, "passenger"]], "772": [], "773": [["W2.E3", 5, "passenger"], ["W2.E3", 5, "passenger"]], "774": [["S2.N2", 5, "passenger"], ["W2.E3", 5, "passenger"], ["E3.S3", 5, "passenger"]], "775": [["E3.W2", 5, "passenger"], ["W2.E3", 5, "passenger"]], "776": [["W2.E3", 5, "passenger"], ["W2.E3", 5, "passenger"], ["W2.E3", 5, "passenger"], ["N2.S2", 5, "passenger"]], "777": [["E3.N2", 5, "passenger"]], "778": [["E3.W2", 5, "passenger"], ["W2.E3", 5, "passenger"]], "779": [["E3.W2", 5, "passenger"], ["W2.E3", 5, "passenger"]], "780": [["S2.N2", 5, "passenger"], ["W2.E3", 5, "passenger"]], "781": [["E3.S2", 5, "passenger"], ["W2.E3", 5, "passenger"], ["N2.S2", 5, "passenger"]], "782": [], "783": [["E3.W2", 5, "passenger"]], "784": [["E3.EXIT32", 5, "passenger"], ["N2.S2", 5, "passenger"]], "785": [["E3.W2", 5, "passenger"], ["S3.E3", 5, "passenger"]], "786": [["S2.N2", 5, "passenger"], ["E3.W2", 5, "passenger"]], "787": [["ENTER23.E3", 5, "passenger"]], "788": [["E3.W2", 5, "passenger"], ["E3.S2", 5, "passenger"]], "789": [["E3.W2", 5, "passenger"]], "790": [["N2.W2", 5, "passenger"]], "791": [["E3.W2", 5, "passenger"], ["E3.W2", 5, "passenger"]], "792": [], "793": [["E3.W2", 5, "passenger"], ["E3.W2", 5, "passenger"], ["W2.N2", 5, "passenger"]], "794": [["E3.W2", 5, "passenger"]], "795": [["W2.S2", 5, "passenger"]], "796": [["S2.N2", 5, "passenger"], ["E3.S2", 5, "passenger"]], "797": [["W2.E3", 5, "passenger"], ["N2.S2", 5, "passenger"]], "798": [["E3.W2", 5, "passenger"], ["E3.S2", 5, "passenger"]], "799": [["E3.S2", 5, "passenger"], ["N2.E3", 5, "passenger"]], "800": [["E3.W2", 5, "passenger"]], "801": [["N2.S2", 5, "passenger"]], "802": [], "803": [["W2.S2", 5, "passenger"]], "804": [["S2.N2", 5, "passenger"]], "805": [["S2.N2", 5, "passenger"], ["S2.N2", 5, "passenger"], ["W2.N2", 5, "passenger"]], "806": [], "807": [["E3.W2", 5, "passenger"], ["W2.E3", 5, "passenger"], ["S3.W2", 5, "passenger"]], "808": [["E3.W2", 5, "passenger"], ["S2.E3", 5, "passenger"]], "809": [["S2.N2", 5, "passenger"]], "810": [], "811": [["S2.N2", 5, "passenger"], ["S2.N2", 5, "passenger"], ["S2.N2", 5, "passenger"], ["S2.W2", 5, "passenger"]], "812": [["W2.E3", 5, "passenger"], ["W2.S2", 5, "passenger"], ["N3.S3", 5, "passenger"]], "813": [["S2.N2", 5, "passenger"]], "814": [], "815": [], "816": [["W2.N2", 5, "passenger"], ["S3.W2", 5, "passenger"]], "817": [["E3.W2", 5, "passenger"], ["W2.N2", 5, "passenger"]], "818": [["S2.N2", 5, "passenger"]], "819": [["E3.W2", 5, "passenger"], ["E3.W2", 5, "passenger"]], "820": [], "821": [["S2.N2", 5, "passenger"]], "822": [["S2.E3", 5, "passenger"]], "823": [], "824": [["E3.S2", 5, "passenger"]], "825": [["N3.S3", 5, "passenger"]], "826": [], "827": [["S2.N2", 5, "passenger"], ["E3.W2", 5, "passenger"]], "828": [["N2.S2", 5, "passenger"]], "829": [["W2.E3", 5, "passenger"], ["S3.W2", 5, "passenger"]], "830": [["E3.S3", 5, "passenger"]], "831": [["S2.E3", 5, "passenger"]], "832": [["W2.E3", 5, "passenger"], ["E3.S3", 5, "passenger"], ["N2.S2", 5, "passenger"]], "833": [], "834": [["S3.W2", 5, "passenger"]], "835": [["E3.S2", 5, "passenger"], ["N2.S2", 5, "passenger"]], "836": [], "837": [["E3.W2", 5, "passenger"], ["W2.S3", 5, "passenger"], ["N2.E3", 5, "passenger"], ["S2.W2", 5, "passenger"]], "838": [], "839": [["E3.S3", 5, "passenger"]], "840": [], "841": [], "842": [], "843": [], "844": [["S2.N2", 5, "passenger"], ["N2.W2", 5, "passenger"], ["E3.N3", 5, "passenger"]], "845": [["E3.W2", 5, "passenger"]], "846": [["S2.E3", 5, "passenger"]], "847": [], "848": [["N2.W2", 5, "passenger"], ["N2.S2", 5, "passenger"], ["N2.S2", 5, "passenger"]], "849": [], "850": [["E3.S3", 5, "passenger"], ["N2.W2", 5, "passenger"]], "851": [["S3.S2", 5, "passenger"]], "852": [], "853": [["N2.W2", 5, "passenger"], ["E3.N3", 5, "passenger"], ["S2.E3", 5, "passenger"], ["S2.S3", 5, "motorcycle"], ["N2.W2", 5, "truck"]], "854": [["E3.W2", 5, "passenger"]], "855": [["E3.W2", 5, "passenger"], ["S2.N3", 5, "passenger"]], "856": [["E3.W2", 5, "passenger"], ["N2.S2", 5, "passenger"]], "857": [], "858": [["W2.S2", 5, "passenger"]], "859": [["E3.W2", 5, "passenger"]], "860": [["E3.S2", 5, "passenger"]], "861": [["E3.W2", 5, "passenger"]], "862": [["E3.W2", 5, "passenger"]], "863": [["E3.N2", 5, "passenger"], ["E3.S3", 5, "passenger"]], "864": [], "865": [], "866": [["E3.W2", 5, "passenger"], ["E3.W2", 5, "passenger"], ["S2.W2", 5, "passenger"]], "867": [["S2.N2", 5, "passenger"], ["W2.E3", 5, "passenger"]], "868": [["W2.S2", 5, "passenger"]], "869": [["E3.W2", 5, "passenger"]], "870": [["E3.W2", 5, "passenger"], ["N2.S2", 5, "passenger"]], "871": [], "872": [["E3.W2", 5, "passenger"], ["W2.E3", 5, "passenger"]], "873": [["S2.N2", 5, "passenger"], ["E3.S2", 5, "passenger"]], "874": [["E3.S2", 5, "passenger"], ["S2.E3", 5, "passenger"]], "875": [["E3.W2", 5, "passenger"], ["E3.W2", 5, "passenger"]], "876": [], "877": [["E3.W2", 5, "passenger"]], "878": [["E3.W2", 5, "passenger"]], "879": [["E3.W2", 5, "passenger"]], "880": [["E3.W2", 5, "passenger"]], "881": [], "882": [["E3.W2", 5, "passenger"]], "883": [["E3.S2", 5, "passenger"]], "884": [], "885": [["E3.S2", 5, "passenger"]], "886": [["E3.W2", 5, "passenger"], ["N2.W2", 5, "passenger"], ["E3.N3", 5, "passenger"]], "887": [["S3.N3", 5, "passenger"]], "888": [["E3.W2", 5, "passenger"], ["N2.W2", 5, "passenger"]], "889": [["E3.S2", 5, "passenger"]], "890": [], "891": [], "892": [["W2.E3", 5, "passenger"], ["N2.S2", 5, "passenger"]], "893": [["N2.W2", 5, "passenger"], ["E3.N3", 5, "passenger"]], "894": [], "895": [["E3.W2", 5, "passenger"], ["E3.W2", 5, "passenger"]], "896": [["E3.W2", 5, "passenger"]], "897": [["E3.S3", 5, "passenger"]], "898": [["S2.N2", 5, "passenger"], ["E3.S2", 5, "passenger"]], "899": [["E3.EXIT32", 5, "passenger"], ["N2.S2", 5, "passenger"]], "900": [], "901": [], "902": [], "903": [["E3.S3", 5, "passenger"], ["E3.S2", 5, "passenger"], ["S3.N3", 5, "passenger"]], "904": [["E3.W2", 5, "passenger"], ["E3.N2", 5, "passenger"], ["S2.W2", 5, "passenger"]], "905": [["E3.N2", 5, "passenger"]], "906": [], "907": [["E3.W2", 5, "passenger"], ["E3.S2", 5, "passenger"], ["N2.S2", 5, "passenger"]], "908": [], "909": [["E3.S2", 5, "passenger"], ["S2.E3", 5, "passenger"]], "910": [], "911": [["N2.W2", 5, "passenger"]], "912": [["S2.E3", 5, "passenger"]], "913": [], "914": [["E3.N2", 5, "passenger"]], "915": [["W2.E3", 5, "passenger"]], "916": [], "917": [["N2.S2", 5, "passenger"]], "918": [], "919": [["S2.E3", 5, "passenger"], ["W2.E3", 5, "passenger"]], "920": [["E3.W2", 5, "passenger"], ["E3.W2", 5, "passenger"]], "921": [], "922": [["N2.S2", 5, "passenger"], ["S2.N2", 5, "passenger"], ["S3.W2", 5, "passenger"]], "923": [["W2.E3", 5, "passenger"]], "924": [["S2.W2", 5, "passenger"], ["W2.E3", 5, "passenger"]], "925": [], "926": [], "927": [], "928": [["E3.W2", 5, "passenger"], ["N2.S2", 5, "passenger"], ["S2.N2", 5, "passenger"]], "929": [], "930": [["E3.W2", 5, "passenger"]], "931": [["E3.W2", 5, "passenger"], ["W2.E3", 5, "passenger"], ["S3.W2", 5, "passenger"], ["N3.W2", 5, "passenger"]], "932": [], "933": [], "934": [["W2.E3", 5, "passenger"]], "935": [["W2.N2", 5, "passenger"]], "936": [["W2.N2", 5, "passenger"]], "937": [["N2.S2", 5, "passenger"]], "938": [["S2.N2", 5, "passenger"]], "939": [["N2.W2", 5, "passenger"], ["W2.E3", 5, "passenger"]], "940": [], "941": [["E3.W2", 5, "passenger"], ["S2.N2", 5, "passenger"]], "942": [["S2.W2", 5, "passenger"]], "943": [["E3.N2", 5, "passenger"], ["S2.E3", 5, "passenger"], ["S2.E3", 5, "passenger"]], "944": [["S2.N2", 5, "passenger"]], "945": [], "946": [], "947": [["E3.S2", 5, "passenger"], ["N3.W2", 5, "passenger"]], "948": [], "949": [], "950": [], "951": [["S2.N2", 5, "passenger"]], "952": [], "953": [["E3.EXIT32", 5, "truck"]], "954": [], "955": [["E3.S2", 5, "passenger"], ["S2.W2", 5, "passenger"], ["S3.S2", 5, "passenger"]], "956": [["W2.E3", 5, "passenger"], ["S2.N2", 5, "passenger"]], "957": [["S3.E3", 5, "passenger"]], "958": [["N2.S2", 5, "passenger"], ["E3.S2", 5, "truck"]], "959": [], "960": [["W2.E3", 5, "passenger"]], "961": [["S2.N2", 5, "passenger"], ["S2.N2", 5, "passenger"]], "962": [], "963": [["W2.E3", 5, "passenger"], ["S2.N2", 5, "passenger"]], "964": [], "965": [], "966": [["E3.W2", 5, "passenger"], ["E3.W2", 5, "passenger"]], "967": [["N2.S2", 5, "passenger"]], "968": [["E3.W2", 5, "passenger"]], "969": [], "970": [], "971": [["E3.W2", 5, "passenger"], ["S2.N2", 5, "passenger"]], "972": [["E3.W2", 5, "passenger"]], "973": [["S2.W2", 5, "passenger"]], "974": [["E3.W2", 5, "passenger"], ["E3.W2", 5, "passenger"]], "975": [], "976": [["E3.W2", 5, "passenger"], ["E3.W2", 5, "passenger"]], "977": [], "978": [["E3.W2", 5, "passenger"]], "979": [["E3.W2", 5, "passenger"], ["W2.E3", 5, "passenger"]], "980": [["E3.S3", 5, "passenger"], ["E3.W2", 5, "passenger"], ["E3.W2", 5, "passenger"], ["E3.N2", 5, "passenger"]], "981": [["E3.W2", 5, "passenger"], ["E3.W2", 5, "passenger"]], "982": [["W2.E3", 5, "passenger"], ["S2.N2", 5, "passenger"]], "983": [["N2.S2", 5, "passenger"], ["S2.S3", 5, "passenger"], ["S2.N2", 5, "passenger"]], "984": [["S2.N2", 5, "passenger"]], "985": [["W2.N2", 5, "passenger"], ["S3.E3", 5, "passenger"]], "986": [["W2.E3", 5, "passenger"]], "987": [], "988": [["E3.W2", 5, "passenger"], ["W2.N2", 5, "passenger"]], "989": [], "990": [["E3.S2", 5, "passenger"], ["W2.N2", 5, "passenger"]], "991": [["N2.S2", 5, "passenger"], ["S2.N2", 5, "passenger"]], "992": [["W2.S2", 5, "passenger"]], "993": [], "994": [], "995": [["N2.S2", 5, "passenger"], ["W2.E3", 5, "passenger"]], "996": [], "997": [], "998": [], "999": [["W2.N2", 5, "passenger"]], "1000": [["E3.W2", 5, "passenger"]], "1001": [], "1002": [["N2.S2", 5, "passenger"], ["ENTER23.E3", 5, "passenger"]], "1003": [], "1004": [["E3.S2", 5, "passenger"], ["W2.S2", 5, "passenger"]], "1005": [["S2.N2", 5, "passenger"]], "1006": [["W2.E3", 5, "truck"]], "1007": [], "1008": [["E3.W2", 5, "passenger"], ["N2.S2", 5, "passenger"], ["S2.E3", 5, "passenger"]], "1009": [["E3.W2", 5, "passenger"]], "1010": [["S3.W2", 5, "passenger"]], "1011": [["N2.S2", 5, "passenger"], ["S2.N2", 5, "passenger"]], "1012": [["S2.N2", 5, "passenger"]], "1013": [], "1014": [["N2.S2", 5, "passenger"]], "1015": [["E3.S2", 5, "passenger"]], "1016": [["E3.W2", 5, "passenger"], ["S2.W2", 5, "passenger"], ["N2.E3", 5, "passenger"]], "1017": [], "1018": [["E3.W2", 5, "passenger"], ["W2.E3", 5, "passenger"], ["S3.W2", 5, "passenger"]], "1019": [], "1020": [["N2.S2", 5, "passenger"], ["N2.S3", 5, "passenger"]], "1021": [], "1022": [["N2.W2", 5, "passenger"], ["W2.E3", 5, "passenger"]], "1023": [["E3.N2", 5, "passenger"], ["W2.E3", 5, "passenger"]], "1024": [], "1025": [["N2.E3", 5, "passenger"]], "1026": [], "1027": [], "1028": [], "1029": [["E3.W2", 5, "passenger"]], "1030": [["W2.E3", 5, "passenger"]], "1031": [], "1032": [["N2.S2", 5, "passenger"], ["N2.W2", 5, "passenger"], ["E3.N3", 5, "passenger"]], "1033": [["N2.S2", 5, "passenger"]], "1034": [["S2.E3", 5, "passenger"], ["S2.N2", 5, "passenger"], ["N2.E3", 5, "passenger"]], "1035": [["N2.S2", 5, "passenger"], ["N2.S2", 5, "passenger"], ["N2.E3", 5, "passenger"]], "1036": [], "1037": [["E3.W2", 5, "passenger"], ["E3.W2", 5, "passenger"]], "1038": [], "1039": [], "1040": [["E3.W2", 5, "passenger"], ["N2.E3", 5, "passenger"]], "1041": [["N2.S2", 5, "passenger"], ["N2.S2", 5, "passenger"]], "1042": [], "1043": [["N2.S2", 5, "passenger"]], "1044": [], "1045": [["S2.E3", 5, "passenger"], ["N2.W2", 5, "passenger"]], "1046": [["E3.W2", 5, "passenger"], ["S2.W2", 5, "passenger"]], "1047": [], "1048": [["E3.W2", 5, "passenger"]], "1049": [["N2.S2", 5, "passenger"]], "1050": [["E3.W2", 5, "passenger"], ["E3.W2", 5, "passenger"]], "1051": [["S2.E3", 5, "passenger"], ["N2.E3", 5, "passenger"]], "1052": [["E3.S2", 5, "passenger"], ["S3.W2", 5, "passenger"], ["W2.S2", 5, "passenger"]], "1053": [["E3.W2", 5, "passenger"]], "1054": [["E3.S3", 5, "passenger"], ["N2.S2", 5, "passenger"], ["W2.S3", 5, "passenger"], ["N2.E3", 5, "passenger"]], "1055": [["N2.S2", 5, "passenger"], ["W2.E3", 5, "passenger"]], "1056": [["E3.S2", 5, "passenger"]], "1057": [], "1058": [["S2.E3", 5, "passenger"]], "1059": [], "1060": [], "1061": [["S2.E3", 5, "passenger"], ["N2.W2", 5, "passenger"], ["W2.E3", 5, "passenger"]], "1062": [["N2.S2", 5, "passenger"], ["S2.N2", 5, "passenger"]], "1063": [], "1064": [["N2.E3", 5, "passenger"]], "1065": [["N2.S2", 5, "passenger"]], "1066": [], "1067": [], "1068": [["S2.N2", 5, "passenger"]], "1069": [["E3.S2", 5, "passenger"], ["S3.W2", 5, "passenger"], ["S3.E3", 5, "passenger"]], "1070": [], "1071": [["E3.W2", 5, "passenger"], ["N2.S2", 5, "passenger"]], "1072": [["E3.W2", 5, "passenger"], ["S2.W2", 5, "passenger"], ["N2.W2", 5, "passenger"]], "1073": [["E3.W2", 5, "passenger"]], "1074": [], "1075": [["E3.W2", 5, "passenger"], ["W2.E3", 5, "passenger"]], "1076": [["N2.S2", 5, "passenger"], ["S2.N2", 5, "passenger"]], "1077": [], "1078": [], "1079": [], "1080": [["S2.N2", 5, "passenger"]], "1081": [["S2.N2", 5, "passenger"]], "1082": [], "1083": [["E3.W2", 5, "passenger"]], "1084": [["N2.S2", 5, "passenger"]], "1085": [["E3.W2", 5, "passenger"]], "1086": [["E3.W2", 5, "passenger"], ["E3.W2", 5, "passenger"]], "1087": [["E3.W2", 5, "passenger"], ["E3.W2", 5, "passenger"], ["S2.E3", 5, "passenger"], ["N2.W2", 5, "passenger"], ["W2.E3", 5, "passenger"], ["E3.N3", 5, "passenger"]], "1088": [], "1089": [["N2.S2", 5, "passenger"]], "1090": [["W2.S2", 5, "passenger"]], "1091": [], "1092": [["N2.S2", 5, "passenger"]], "1093": [], "1094": [["S2.N2", 5, "passenger"]], "1095": [["E3.W2", 5, "passenger"]], "1096": [["E3.S3", 5, "passenger"], ["E3.W2", 5, "passenger"]], "1097": [["S2.E3", 5, "passenger"], ["N2.E3", 5, "passenger"], ["N2.E3", 5, "passenger"]], "1098": [], "1099": [["E3.S3", 5, "passenger"], ["S2.N2", 5, "passenger"]], "1100": [], "1101": [["S2.N2", 5, "passenger"]], "1102": [["E3.W2", 5, "passenger"], ["E3.S2", 5, "passenger"], ["S2.E3", 5, "passenger"]], "1103": [], "1104": [["E3.S3", 5, "passenger"], ["E3.W2", 5, "passenger"], ["N2.W2", 5, "passenger"]], "1105": [["S2.W2", 5, "passenger"]], "1106": [["N2.S2", 5, "passenger"], ["S2.N2", 5, "passenger"]], "1107": [], "1108": [["W2.E3", 5, "passenger"]], "1109": [["S2.N2", 5, "passenger"]], "1110": [], "1111": [["E3.S3", 5, "passenger"]], "1112": [["N2.S2", 5, "passenger"]], "1113": [], "1114": [["S2.N2", 5, "passenger"]], "1115": [], "1116": [], "1117": [], "1118": [], "1119": [["E3.S3", 5, "passenger"], ["E3.W2", 5, "passenger"]], "1120": [["N3.E3", 5, "passenger"]], "1121": [], "1122": [], "1123": [["E3.W2", 5, "passenger"], ["E3.S2", 5, "passenger"]], "1124": [], "1125": [], "1126": [["S2.N2", 5, "passenger"]], "1127": [], "1128": [], "1129": [], "1130": [["S3.W2", 5, "passenger"]], "1131": [], "1132": [["N2.W2", 5, "passenger"], ["E3.N3", 5, "passenger"]], "1133": [["E3.W2", 5, "passenger"], ["S3.W2", 5, "passenger"], ["W2.N2", 5, "passenger"]], "1134": [], "1135": [], "1136": [["E3.S2", 5, "passenger"], ["N2.W2", 5, "passenger"]], "1137": [["E3.S3", 5, "passenger"], ["N2.S2", 5, "passenger"]], "1138": [["E3.S2", 5, "passenger"], ["S2.N2", 5, "passenger"]], "1139": [["E3.S2", 5, "passenger"]], "1140": [["W2.E3", 5, "passenger"]], "1141": [["N2.E3", 5, "passenger"], ["N3.S3", 5, "passenger"]], "1142": [], "1143": [], "1144": [["W2.E3", 5, "passenger"]], "1145": [["S3.S2", 5, "passenger"]], "1146": [], "1147": [["E3.EXIT32", 5, "passenger"], ["E3.W2", 5, "passenger"], ["W2.E3", 5, "passenger"]], "1148": [["W2.E3", 5, "passenger"], ["W2.E3", 5, "passenger"]], "1149": [["W2.E3", 5, "passenger"]], "1150": [], "1151": [["E3.W2", 5, "passenger"], ["N2.W2", 5, "passenger"], ["E3.N3", 5, "passenger"]], "1152": [], "1153": [], "1154": [["W2.N2", 5, "passenger"]], "1155": [], "1156": [], "1157": [["W2.S3", 5, "passenger"], ["W2.N2", 5, "passenger"]], "1158": [], "1159": [["N2.S2", 5, "passenger"], ["N2.W2", 5, "passenger"], ["W2.N2", 5, "passenger"], ["E3.N3", 5, "passenger"]], "1160": [], "1161": [["E3.W2", 5, "passenger"], ["W2.E3", 5, "passenger"]], "1162": [["N2.S2", 5, "passenger"], ["S2.E3", 5, "passenger"], ["W2.N2", 5, "passenger"]], "1163": [], "1164": [["W2.E3", 5, "passenger"], ["W2.E3", 5, "passenger"], ["N2.E3", 5, "passenger"]], "1165": [["N2.S2", 5, "passenger"], ["W2.N2", 5, "passenger"]], "1166": [["N3.S2", 5, "passenger"]], "1167": [["W2.E3", 5, "passenger"], ["W2.N2", 5, "passenger"], ["W2.S2", 5, "passenger"]], "1168": [], "1169": [["E3.S2", 5, "passenger"], ["S2.E3", 5, "passenger"], ["N2.E3", 5, "passenger"]], "1170": [["S2.S3", 5, "passenger"], ["S2.N2", 5, "passenger"]], "1171": [["N2.S2", 5, "passenger"]], "1172": [["W2.E3", 5, "passenger"]], "1173": [["W2.E3", 5, "passenger"], ["W2.E3", 5, "passenger"], ["S2.N2", 5, "passenger"]], "1174": [["E3.N2", 5, "passenger"], ["N2.S2", 5, "passenger"]], "1175": [["S2.E3", 5, "passenger"], ["W2.S3", 5, "passenger"]], "1176": [["E3.W2", 5, "passenger"], ["E3.W2", 5, "passenger"], ["W2.E3", 5, "passenger"]], "1177": [["W2.E3", 5, "passenger"], ["W2.E3", 5, "passenger"], ["N3.E3", 5, "passenger"]], "1178": [["E3.N2", 5, "passenger"], ["N2.S2", 5, "passenger"], ["N2.S2", 5, "passenger"]], "1179": [["E3.W2", 5, "passenger"], ["N2.S2", 5, "passenger"], ["W2.E3", 5, "passenger"]], "1180": [["E3.W2", 5, "passenger"], ["N2.S2", 5, "passenger"], ["W2.E3", 5, "passenger"], ["W2.E3", 5, "passenger"]], "1181": [["W2.E3", 5, "passenger"], ["W2.E3", 5, "passenger"], ["W2.S3", 5, "passenger"]], "1182": [["W2.E3", 5, "passenger"]], "1183": [["E3.W2", 5, "passenger"], ["N2.W2", 5, "passenger"]], "1184": [["W2.S2", 5, "passenger"]], "1185": [["E3.W2", 5, "passenger"]], "1186": [["E3.EXIT32", 5, "passenger"], ["E3.W2", 5, "passenger"], ["N2.S2", 5, "passenger"]], "1187": [], "1188": [["N2.W2", 5, "passenger"]], "1189": [["E3.S3", 5, "passenger"], ["E3.W2", 5, "passenger"]], "1190": [["E3.W2", 5, "passenger"], ["N2.E3", 5, "passenger"]], "1191": [["E3.W2", 5, "passenger"]], "1192": [["E3.W2", 5, "passenger"]], "1193": [["E3.S2", 5, "passenger"], ["N2.S2", 5, "passenger"]], "1194": [["E3.W2", 5, "passenger"]], "1195": [], "1196": [["E3.W2", 5, "passenger"], ["E3.W2", 5, "passenger"], ["S2.N2", 5, "passenger"]], "1197": [["E3.W2", 5, "passenger"], ["W2.E3", 5, "passenger"], ["N2.E3", 5, "passenger"]], "1198": [["N2.W2", 5, "passenger"], ["E3.N3", 5, "passenger"]], "1199": [["E3.W2", 5, "passenger"], ["S3.N2", 5, "passenger"]], "1200": [], "1201": [["E3.W2", 5, "passenger"]], "1202": [], "1203": [["E3.W2", 5, "passenger"], ["W2.E3", 5, "passenger"]], "1204": [], "1205": [["N2.W2", 5, "passenger"]], "1206": [["E3.S3", 5, "passenger"]], "1207": [["S2.N2", 5, "passenger"]], "1208": [["E3.S2", 5, "passenger"], ["S2.W2", 5, "passenger"]], "1209": [["W2.E3", 5, "passenger"]], "1210": [], "1211": [], "1212": [["S2.W2", 5, "passenger"]], "1213": [], "1214": [["W2.E3", 5, "passenger"]], "1215": [["E3.N2", 5, "passenger"]], "1216": [["E3.N2", 5, "passenger"], ["S2.W2", 5, "passenger"]], "1217": [["W2.E3", 5, "passenger"]], "1218": [], "1219": [["N2.E3", 5, "passenger"]], "1220": [["N2.W2", 5, "passenger"]], "1221": [["W2.E3", 5, "passenger"], ["N3.E3", 5, "passenger"]], "1222": [], "1223": [["S2.N2", 5, "passenger"]], "1224": [["N3.S2", 5, "passenger"]], "1225": [["E3.S3", 5, "passenger"]], "1226": [["W2.E3", 5, "passenger"]], "1227": [["E3.S3", 5, "passenger"]], "1228": [["N2.S2", 5, "passenger"]], "1229": [], "1230": [], "1231": [["W2.E3", 5, "passenger"]], "1232": [], "1233": [["W2.S2", 5, "passenger"]], "1234": [["E3.W2", 5, "passenger"], ["S2.N2", 5, "passenger"], ["S2.N2", 5, "passenger"]], "1235": [], "1236": [], "1237": [], "1238": [], "1239": [], "1240": [], "1241": [["N2.E3", 5, "passenger"]], "1242": [["E3.W2", 5, "passenger"]], "1243": [["W2.N2", 5, "passenger"]], "1244": [["S2.E3", 5, "passenger"]], "1245": [], "1246": [["W2.E3", 5, "passenger"], ["N2.E3", 5, "passenger"]], "1247": [], "1248": [], "1249": [], "1250": [["S2.E3", 5, "passenger"]], "1251": [["E3.W2", 5, "passenger"], ["W2.E3", 5, "passenger"], ["W2.N2", 5, "passenger"]], "1252": [["N2.W2", 5, "passenger"], ["E3.N3", 5, "passenger"]], "1253": [["N2.S2", 5, "passenger"]], "1254": [], "1255": [], "1256": [], "1257": [["N2.S2", 5, "passenger"]], "1258": [["E3.N2", 5, "passenger"]], "1259": [], "1260": [["E3.S2", 5, "passenger"]], "1261": [["E3.S2", 5, "passenger"], ["W2.E3", 5, "passenger"]], "1262": [["N3.E3", 5, "passenger"]], "1263": [["E3.W2", 5, "passenger"], ["N2.S2", 5, "passenger"], ["W2.S2", 5, "passenger"]], "1264": [["W2.E3", 5, "passenger"], ["W2.E3", 5, "passenger"]], "1265": [["W2.E3", 5, "passenger"], ["W2.E3", 5, "passenger"], ["W2.E3", 5, "passenger"], ["N2.E3", 5, "passenger"]], "1266": [["E3.W2", 5, "passenger"]], "1267": [["N2.S2", 5, "passenger"]], "1268": [["E3.W2", 5, "passenger"], ["N3.E3", 5, "passenger"]], "1269": [["N2.E3", 5, "passenger"]], "1270": [["E3.S2", 5, "passenger"]], "1271": [], "1272": [["S2.E3", 5, "passenger"]], "1273": [["S3.W2", 5, "passenger"]], "1274": [["E3.W2", 5, "passenger"], ["E3.N2", 5, "passenger"]], "1275": [["S2.N2", 5, "passenger"]], "1276": [["E3.W2", 5, "passenger"], ["W2.E3", 5, "passenger"]], "1277": [], "1278": [["W2.N2", 5, "passenger"]], "1279": [["E3.W2", 5, "passenger"], ["S2.N2", 5, "passenger"]], "1280": [["W2.E3", 5, "passenger"]], "1281": [["E3.EXIT32", 5, "passenger"], ["E3.S2", 5, "passenger"], ["S2.E3", 5, "passenger"]], "1282": [["W2.E3", 5, "passenger"], ["E3.S3", 5, "passenger"], ["S2.N2", 5, "passenger"]], "1283": [["W2.N2", 5, "passenger"]], "1284": [["N2.W2", 5, "passenger"], ["E3.N3", 5, "passenger"]], "1285": [["S2.W2", 5, "passenger"], ["W2.N2", 5, "passenger"]], "1286": [["S2.E3", 5, "passenger"]], "1287": [["E3.W2", 5, "passenger"], ["E3.W2", 5, "passenger"], ["E3.S2", 5, "passenger"]], "1288": [["W2.E3", 5, "passenger"], ["W2.E3", 5, "passenger"], ["S2.E3", 5, "passenger"]], "1289": [["E3.S3", 5, "passenger"]], "1290": [], "1291": [], "1292": [["E3.N2", 5, "passenger"]], "1293": [], "1294": [], "1295": [], "1296": [["S3.W2", 5, "passenger"]], "1297": [], "1298": [], "1299": [["S2.N2", 5, "passenger"]], "1300": [["N2.S2", 5, "passenger"], ["S2.S3", 5, "passenger"]], "1301": [], "1302": [["E3.S2", 5, "passenger"], ["N2.E3", 5, "passenger"]], "1303": [["W2.E3", 5, "passenger"]], "1304": [], "1305": [["E3.W2", 5, "passenger"], ["W2.N2", 5, "passenger"]], "1306": [["E3.W2", 5, "passenger"], ["S3.N2", 5, "passenger"]], "1307": [["E3.W2", 5, "passenger"], ["E3.S2", 5, "passenger"], ["W2.E3", 5, "passenger"], ["E3.S3", 5, "passenger"]], "1308": [["E3.W2", 5, "passenger"], ["N2.S2", 5, "passenger"]], "1309": [["E3.W2", 5, "passenger"]], "1310": [], "1311": [["W2.N2", 5, "passenger"]], "1312": [], "1313": [["E3.N2", 5, "passenger"], ["W2.E3", 5, "passenger"], ["S2.N2", 5, "passenger"]], "1314": [], "1315": [["E3.W2", 5, "passenger"], ["W2.N2", 5, "passenger"], ["E3.EXIT32", 5, "bus"]], "1316": [["W2.E3", 5, "passenger"], ["W2.N2", 5, "passenger"]], "1317": [["W2.N2", 5, "passenger"], ["S3.W2", 5, "passenger"]], "1318": [["N3.W2", 5, "passenger"], ["N2.S2", 5, "passenger"], ["S2.E3", 5, "passenger"]], "1319": [["W2.S3", 5, "passenger"]], "1320": [], "1321": [["W2.N2", 5, "passenger"], ["W2.N2", 5, "passenger"]], "1322": [], "1323": [], "1324": [], "1325": [["E3.W2", 5, "passenger"], ["S3.E3", 5, "passenger"]], "1326": [["W2.E3", 5, "passenger"], ["W2.E3", 5, "passenger"]], "1327": [["E3.S2", 5, "passenger"]], "1328": [["E3.W2", 5, "passenger"]], "1329": [], "1330": [], "1331": [], "1332": [], "1333": [], "1334": [["W2.S3", 5, "passenger"], ["N2.E3", 5, "passenger"]], "1335": [], "1336": [["N2.W2", 5, "passenger"]], "1337": [["E3.W2", 5, "passenger"]], "1338": [["E3.W2", 5, "passenger"], ["W2.E3", 5, "passenger"]], "1339": [["S2.N2", 5, "passenger"], ["N2.E3", 5, "passenger"]], "1340": [], "1341": [["W2.E3", 5, "passenger"]], "1342": [["S3.W2", 5, "passenger"]], "1343": [["E3.W2", 5, "passenger"]], "1344": [["W2.E3", 5, "passenger"], ["N2.S3", 5, "passenger"], ["N2.S2", 5, "passenger"]], "1345": [["E3.W2", 5, "passenger"]], "1346": [["E3.W2", 5, "passenger"], ["E3.W2", 5, "passenger"]], "1347": [], "1348": [["E3.S3", 5, "passenger"]], "1349": [["W2.E3", 5, "passenger"], ["S2.W2", 5, "passenger"], ["N2.S2", 5, "passenger"]], "1350": [["S2.N2", 5, "passenger"], ["S3.S2", 5, "passenger"]], "1351": [], "1352": [], "1353": [["E3.S2", 5, "passenger"], ["N2.S2", 5, "passenger"], ["S3.W2", 5, "passenger"]], "1354": [], "1355": [], "1356": [], "1357": [], "1358": [], "1359": [["N2.W2", 5, "passenger"], ["S2.W2", 5, "passenger"], ["N2.S2", 5, "passenger"], ["S3.W2", 5, "passenger"]], "1360": [["E3.W2", 5, "passenger"]], "1361": [["E3.S2", 5, "passenger"]], "1362": [["S3.W2", 5, "passenger"]], "1363": [["W2.S3", 5, "passenger"]], "1364": [["E3.W2", 5, "passenger"], ["N2.S2", 5, "passenger"]], "1365": [["S2.W2", 5, "passenger"], ["ENTER23.E3", 5, "passenger"]], "1366": [], "1367": [["E3.W2", 5, "passenger"]], "1368": [["N2.S2", 5, "passenger"]], "1369": [["E3.S3", 5, "passenger"], ["S2.N2", 5, "passenger"]], "1370": [["N2.E3", 5, "passenger"]], "1371": [["N2.W2", 5, "passenger"]], "1372": [["E3.W2", 5, "passenger"]], "1373": [], "1374": [["N2.S2", 5, "passenger"], ["S2.E3", 5, "passenger"]], "1375": [["E3.S2", 5, "passenger"], ["S2.N2", 5, "passenger"]], "1376": [], "1377": [], "1378": [], "1379": [], "1380": [], "1381": [["E3.W2", 5, "passenger"], ["E3.S2", 5, "passenger"]], "1382": [["S2.N2", 5, "passenger"]], "1383": [], "1384": [["E3.W2", 5, "passenger"], ["S2.N2", 5, "passenger"], ["S2.E3", 5, "passenger"]], "1385": [["S2.N2", 5, "passenger"]], "1386": [["E3.W2", 5, "passenger"]], "1387": [["W2.E3", 5, "passenger"]], "1388": [["S3.S2", 5, "passenger"]], "1389": [], "1390": [["ENTER23.E3", 5, "truck"]], "1391": [["E3.W2", 5, "passenger"], ["E3.S2", 5, "passenger"]], "1392": [["W2.E3", 5, "passenger"], ["S2.E3", 5, "passenger"]], "1393": [["E3.W2", 5, "passenger"]], "1394": [], "1395": [["E3.W2", 5, "passenger"], ["N2.W2", 5, "passenger"]], "1396": [["E3.W2", 5, "passenger"], ["E3.W2", 5, "passenger"], ["N2.S2", 5, "passenger"]], "1397": [], "1398": [["E3.S2", 5, "passenger"]], "1399": [["N2.S2", 5, "passenger"]], "1400": [["E3.S2", 5, "passenger"], ["W2.E3", 5, "passenger"]], "1401": [], "1402": [], "1403": [["S3.S2", 5, "passenger"]], "1404": [["E3.W2", 5, "passenger"], ["S2.E3", 5, "passenger"]], "1405": [["E3.S2", 5, "passenger"]], "1406": [], "1407": [], "1408": [["E3.W2", 5, "passenger"], ["W2.E3", 5, "passenger"], ["N2.S2", 5, "passenger"]], "1409": [], "1410": [["E3.W2", 5, "passenger"]], "1411": [["N3.E3", 5, "passenger"], ["N2.S2", 5, "passenger"]], "1412": [], "1413": [], "1414": [["N2.W2", 5, "passenger"]], "1415": [["E3.W2", 5, "passenger"], ["E3.W2", 5, "passenger"]], "1416": [["E3.W2", 5, "passenger"], ["N2.S2", 5, "passenger"], ["W2.N2", 5, "passenger"], ["S2.E3", 5, "passenger"]], "1417": [["E3.S2", 5, "passenger"]], "1418": [], "1419": [["E3.W2", 5, "passenger"], ["S2.N2", 5, "passenger"]], "1420": [["E3.W2", 5, "passenger"], ["N2.S2", 5, "passenger"], ["S2.E3", 5, "passenger"]], "1421": [["E3.W2", 5, "passenger"], ["W2.E3", 5, "passenger"], ["N3.E3", 5, "passenger"]], "1422": [["E3.S3", 5, "passenger"], ["S2.N2", 5, "passenger"]], "1423": [], "1424": [["E3.N2", 5, "passenger"]], "1425": [["E3.W2", 5, "passenger"]], "1426": [["W2.E3", 5, "passenger"]], "1427": [["E3.W2", 5, "passenger"], ["E3.N2", 5, "passenger"], ["W2.N2", 5, "passenger"]], "1428": [["N2.S2", 5, "passenger"], ["W2.N2", 5, "passenger"], ["S3.W2", 5, "passenger"]], "1429": [["E3.W2", 5, "passenger"]], "1430": [], "1431": [], "1432": [["W2.E3", 5, "passenger"], ["E3.S3", 5, "passenger"]], "1433": [["W2.E3", 5, "passenger"]], "1434": [], "1435": [["N2.S2", 5, "passenger"], ["N2.S2", 5, "passenger"]], "1436": [], "1437": [], "1438": [["E3.W2", 5, "passenger"], ["S2.N2", 5, "passenger"], ["S2.W2", 5, "passenger"]], "1439": [["N2.S2", 5, "passenger"]], "1440": [["W2.E3", 5, "passenger"]], "1441": [["W2.E3", 5, "passenger"]], "1442": [], "1443": [["W2.E3", 5, "passenger"], ["S2.W2", 5, "passenger"], ["N2.S2", 5, "passenger"]], "1444": [["S2.N2", 5, "passenger"]], "1445": [["W2.E3", 5, "passenger"]], "1446": [["E3.W2", 5, "passenger"], ["W2.E3", 5, "passenger"]], "1447": [], "1448": [], "1449": [], "1450": [], "1451": [["E3.W2", 5, "passenger"], ["E3.S3", 5, "passenger"], ["S2.N2", 5, "passenger"], ["N2.S2", 5, "passenger"], ["S2.E3", 5, "passenger"]], "1452": [["N2.W2", 5, "passenger"]], "1453": [], "1454": [["W2.E3", 5, "passenger"]], "1455": [["E3.W2", 5, "passenger"]], "1456": [], "1457": [["W2.E3", 5, "passenger"], ["N2.W2", 5, "passenger"]], "1458": [], "1459": [["E3.S2", 5, "passenger"], ["E3.S2", 5, "passenger"], ["W2.E3", 5, "passenger"]], "1460": [], "1461": [], "1462": [["E3.S3", 5, "passenger"], ["S2.N2", 5, "passenger"]], "1463": [["E3.W2", 5, "passenger"]], "1464": [], "1465": [["W2.E3", 5, "passenger"], ["N2.S2", 5, "passenger"]], "1466": [], "1467": [], "1468": [["E3.W2", 5, "passenger"]], "1469": [["E3.W2", 5, "passenger"], ["E3.W2", 5, "passenger"]], "1470": [], "1471": [], "1472": [["N2.W2", 5, "passenger"], ["E3.N3", 5, "passenger"]], "1473": [["E3.W2", 5, "passenger"], ["E3.S2", 5, "passenger"]], "1474": [], "1475": [], "1476": [], "1477": [["E3.W2", 5, "passenger"], ["E3.S3", 5, "passenger"], ["S3.W2", 5, "passenger"]], "1478": [["N2.E3", 5, "passenger"], ["S3.E3", 5, "passenger"]], "1479": [["E3.W2", 5, "passenger"]], "1480": [], "1481": [], "1482": [["E3.EXIT32", 5, "passenger"]], "1483": [], "1484": [], "1485": [["W2.S2", 5, "passenger"]], "1486": [["N3.E3", 5, "passenger"]], "1487": [["E3.S2", 5, "passenger"]], "1488": [], "1489": [["E3.W2", 5, "passenger"]], "1490": [], "1491": [["E3.W2", 5, "passenger"], ["E3.S2", 5, "passenger"]], "1492": [["N2.S2", 5, "passenger"], ["N2.S2", 5, "passenger"]], "1493": [], "1494": [["E3.W2", 5, "passenger"], ["E3.S2", 5, "passenger"], ["E3.S3", 5, "passenger"], ["N2.S2", 5, "passenger"]], "1495": [], "1496": [], "1497": [["E3.S2", 5, "passenger"]], "1498": [], "1499": [["E3.W2", 5, "passenger"]], "1500": [["S2.EXIT23", 5, "truck"], ["S2.N2", 5, "passenger"], ["N2.W2", 5, "passenger"], ["N2.W2", 5, "passenger"], ["E3.N3", 5, "passenger"], ["E3.N3", 5, "passenger"], ["E3.S2", 5, "passenger"]], "1501": [], "1502": [["E3.W2", 5, "passenger"], ["N2.S2", 5, "passenger"]], "1503": [["E3.S2", 5, "passenger"]], "1504": [], "1505": [["S2.N2", 5, "passenger"], ["N2.S2", 5, "passenger"], ["S2.W2", 5, "passenger"]], "1506": [["N2.W2", 5, "passenger"], ["E3.N3", 5, "passenger"]], "1507": [], "1508": [["S2.N2", 5, "passenger"], ["N2.W2", 5, "passenger"]], "1509": [["S2.N2", 5, "passenger"], ["N2.W2", 5, "passenger"], ["N2.S2", 5, "passenger"], ["S2.E3", 5, "passenger"]], "1510": [["S2.N2", 5, "passenger"]], "1511": [["N2.W2", 5, "passenger"], ["E3.N3", 5, "passenger"]], "1512": [["E3.S2", 5, "passenger"], ["E3.W2", 5, "passenger"]], "1513": [["S2.N2", 5, "passenger"]], "1514": [["E3.W2", 5, "passenger"]], "1515": [], "1516": [["E3.N2", 5, "passenger"]], "1517": [], "1518": [["E3.N2", 5, "passenger"], ["E3.S2", 5, "passenger"]], "1519": [["S2.N2", 5, "passenger"]], "1520": [], "1521": [], "1522": [["S2.E3", 5, "passenger"]], "1523": [["N2.S2", 5, "passenger"]], "1524": [["N2.W2", 5, "passenger"]], "1525": [["N2.E3", 5, "passenger"]], "1526": [], "1527": [["S2.N2", 5, "passenger"]], "1528": [["S2.E3", 5, "passenger"], ["N3.E3", 5, "passenger"]], "1529": [], "1530": [["W2.E3", 5, "passenger"]], "1531": [["S2.N2", 5, "passenger"], ["S2.W2", 5, "passenger"]], "1532": [], "1533": [["E3.W2", 5, "passenger"], ["N2.S2", 5, "passenger"]], "1534": [["E3.W2", 5, "passenger"], ["S2.E3", 5, "passenger"]], "1535": [], "1536": [["S2.E3", 5, "passenger"]], "1537": [["N2.S2", 5, "passenger"]], "1538": [["E3.W2", 5, "passenger"], ["S2.E3", 5, "passenger"]], "1539": [], "1540": [["E3.W2", 5, "passenger"]], "1541": [["E3.W2", 5, "passenger"], ["S3.W2", 5, "passenger"]], "1542": [], "1543": [["E3.W2", 5, "passenger"]], "1544": [["N2.S2", 5, "passenger"]], "1545": [["W2.S3", 5, "passenger"]], "1546": [["E3.W2", 5, "passenger"], ["S3.S2", 5, "passenger"]], "1547": [["N2.S2", 5, "passenger"], ["W2.E3", 5, "passenger"]], "1548": [["N2.W2", 5, "passenger"], ["W2.N2", 5, "passenger"]], "1549": [["S3.S2", 5, "passenger"]], "1550": [["E3.W2", 5, "passenger"]], "1551": [["E3.W2", 5, "passenger"]], "1552": [], "1553": [["N2.S2", 5, "passenger"]], "1554": [["S2.E3", 5, "passenger"]], "1555": [["S3.W2", 5, "passenger"], ["S3.E3", 5, "passenger"]], "1556": [["E3.EXIT32", 5, "passenger"], ["E3.W2", 5, "passenger"]], "1557": [["S2.N2", 5, "passenger"]], "1558": [], "1559": [], "1560": [], "1561": [["E3.W2", 5, "passenger"], ["N2.S2", 5, "passenger"], ["W2.E3", 5, "passenger"]], "1562": [], "1563": [["E3.W2", 5, "passenger"], ["W2.N2", 5, "passenger"], ["W2.N2", 5, "passenger"]], "1564": [["N2.S2", 5, "passenger"], ["W2.E3", 5, "passenger"]], "1565": [["E3.S2", 5, "passenger"]], "1566": [], "1567": [["E3.W2", 5, "passenger"], ["W2.E3", 5, "passenger"]], "1568": [], "1569": [], "1570": [], "1571": [["E3.S2", 5, "passenger"]], "1572": [], "1573": [["W2.E3", 5, "passenger"]], "1574": [], "1575": [], "1576": [["S2.N2", 5, "passenger"], ["S2.W2", 5, "passenger"]], "1577": [], "1578": [["N2.W2", 5, "passenger"], ["E3.W2", 5, "passenger"]], "1579": [["S2.E3", 5, "passenger"]], "1580": [["S2.N2", 5, "passenger"], ["E3.W2", 5, "passenger"], ["W2.S3", 5, "passenger"]], "1581": [["E3.W2", 5, "passenger"], ["N2.S2", 5, "passenger"], ["S2.W2", 5, "passenger"]], "1582": [["E3.W2", 5, "passenger"], ["W2.N2", 5, "passenger"]], "1583": [["W2.E3", 5, "passenger"]], "1584": [["W2.E3", 5, "passenger"]], "1585": [["E3.S2", 5, "passenger"]], "1586": [], "1587": [["E3.W2", 5, "passenger"], ["N2.S2", 5, "passenger"]], "1588": [["E3.W2", 5, "passenger"]], "1589": [["N3.W2", 5, "passenger"], ["E3.S3", 5, "passenger"]], "1590": [["W2.S3", 5, "passenger"]], "1591": [["S2.E3", 5, "passenger"]], "1592": [["E3.S2", 5, "passenger"], ["E3.W2", 5, "passenger"], ["W2.N2", 5, "passenger"]], "1593": [["E3.S3", 5, "passenger"]], "1594": [], "1595": [["N2.S2", 5, "passenger"]], "1596": [["E3.W2", 5, "passenger"]], "1597": [["N3.E3", 5, "passenger"]], "1598": [], "1599": [], "1600": [["N2.S2", 5, "passenger"], ["W2.E3", 5, "passenger"]], "1601": [], "1602": [["E3.W2", 5, "passenger"], ["E3.W2", 5, "passenger"]], "1603": [], "1604": [["S2.N2", 5, "passenger"], ["E3.W2", 5, "passenger"]], "1605": [["E3.W2", 5, "passenger"], ["N2.S2", 5, "passenger"], ["W2.S2", 5, "passenger"]], "1606": [["E3.W2", 5, "passenger"], ["S2.W2", 5, "passenger"]], "1607": [], "1608": [], "1609": [["S2.N2", 5, "passenger"], ["N2.S2", 5, "passenger"], ["W2.E3", 5, "passenger"]], "1610": [["S2.N2", 5, "passenger"]], "1611": [], "1612": [["E3.W2", 5, "passenger"], ["W2.E3", 5, "passenger"], ["W2.E3", 5, "passenger"]], "1613": [], "1614": [["W2.E3", 5, "passenger"]], "1615": [], "1616": [["E3.W2", 5, "passenger"], ["E3.W2", 5, "passenger"]], "1617": [["E3.S2", 5, "passenger"], ["S3.E3", 5, "passenger"]], "1618": [["N2.S2", 5, "passenger"], ["S2.E3", 5, "passenger"]], "1619": [], "1620": [["E3.W2", 5, "passenger"], ["W2.S2", 5, "passenger"]], "1621": [["E3.EXIT32", 5, "passenger"]], "1622": [], "1623": [["E3.N2", 5, "passenger"], ["N2.S2", 5, "passenger"], ["W2.S3", 5, "passenger"]], "1624": [["E3.W2", 5, "passenger"], ["N3.S3", 5, "passenger"]], "1625": [], "1626": [], "1627": [["N2.S2", 5, "passenger"]], "1628": [["E3.S2", 5, "passenger"], ["E3.W2", 5, "passenger"]], "1629": [], "1630": [["E3.W2", 5, "passenger"]], "1631": [], "1632": [["E3.S2", 5, "passenger"]], "1633": [["S3.W2", 5, "passenger"]], "1634": [["E3.W2", 5, "passenger"]], "1635": [["S2.E3", 5, "passenger"], ["S2.E3", 5, "passenger"]], "1636": [["E3.W2", 5, "passenger"], ["S2.E3", 5, "passenger"]], "1637": [["N2.S2", 5, "passenger"], ["S3.W2", 5, "passenger"]], "1638": [], "1639": [], "1640": [["E3.N2", 5, "passenger"]], "1641": [["N2.S2", 5, "passenger"]], "1642": [["N2.W2", 5, "passenger"], ["N2.E3", 5, "passenger"]], "1643": [], "1644": [["N2.W2", 5, "passenger"], ["E3.N3", 5, "passenger"], ["E3.S2", 5, "passenger"]], "1645": [], "1646": [["E3.W2", 5, "passenger"], ["S2.W2", 5, "passenger"]], "1647": [["S2.S3", 5, "passenger"], ["S3.W2", 5, "passenger"]], "1648": [["E3.W2", 5, "passenger"], ["N2.S2", 5, "passenger"]], "1649": [], "1650": [["E3.S2", 5, "passenger"]], "1651": [["E3.S2", 5, "passenger"], ["N2.S2", 5, "passenger"]], "1652": [["N2.W2", 5, "passenger"], ["S3.E3", 5, "passenger"]], "1653": [["E3.S2", 5, "passenger"], ["S2.W2", 5, "passenger"]], "1654": [], "1655": [], "1656": [], "1657": [], "1658": [["N2.E3", 5, "passenger"]], "1659": [["N2.S2", 5, "passenger"]], "1660": [], "1661": [["N2.S2", 5, "passenger"], ["N2.E3", 5, "passenger"]], "1662": [], "1663": [], "1664": [["S2.N2", 5, "passenger"], ["N3.S3", 5, "passenger"]], "1665": [["N2.S2", 5, "passenger"]], "1666": [], "1667": [["S2.N2", 5, "passenger"]], "1668": [["N2.S2", 5, "passenger"], ["E3.S3", 5, "passenger"]], "1669": [["S2.N2", 5, "passenger"], ["E3.W2", 5, "passenger"], ["N2.S2", 5, "passenger"]], "1670": [["N2.S2", 5, "passenger"]], "1671": [["N2.S3", 5, "passenger"]], "1672": [["N2.S2", 5, "passenger"]], "1673": [], "1674": [["N2.S2", 5, "passenger"], ["S3.S2", 5, "passenger"], ["W2.S2", 5, "passenger"]], "1675": [["N2.S2", 5, "passenger"]], "1676": [["N2.S2", 5, "passenger"]], "1677": [["S2.N2", 5, "passenger"], ["S2.W2", 5, "passenger"]], "1678": [], "1679": [["N2.W2", 5, "passenger"], ["E3.N3", 5, "passenger"], ["S3.W2", 5, "passenger"]], "1680": [], "1681": [], "1682": [], "1683": [["E3.W2", 5, "passenger"]], "1684": [["S2.N2", 5, "passenger"]], "1685": [["E3.W2", 5, "passenger"]], "1686": [["E3.S2", 5, "passenger"], ["S2.S3", 5, "passenger"]], "1687": [["E3.W2", 5, "passenger"], ["S2.W2", 5, "passenger"]], "1688": [["E3.S2", 5, "passenger"], ["N2.S2", 5, "passenger"], ["W2.E3", 5, "passenger"]], "1689": [["N2.W2", 5, "passenger"]], "1690": [["N2.W2", 5, "passenger"], ["E3.N3", 5, "passenger"], ["N2.S2", 5, "passenger"]], "1691": [["S2.N2", 5, "passenger"], ["N2.S2", 5, "passenger"], ["W2.E3", 5, "passenger"]], "1692": [["E3.S2", 5, "passenger"], ["E3.W2", 5, "passenger"], ["S2.W2", 5, "passenger"], ["W2.E3", 5, "passenger"], ["W2.N2", 5, "passenger"]], "1693": [["E3.W2", 5, "passenger"]], "1694": [], "1695": [["W2.N2", 5, "passenger"]], "1696": [["E3.S2", 5, "passenger"], ["E3.W2", 5, "passenger"]], "1697": [["E3.W2", 5, "passenger"], ["N2.S2", 5, "passenger"]], "1698": [["W2.E3", 5, "passenger"]], "1699": [["S2.W2", 5, "passenger"]], "1700": [], "1701": [["S2.N2", 5, "passenger"]], "1702": [["E3.W2", 5, "passenger"], ["E3.W2", 5, "passenger"], ["W2.S3", 5, "passenger"]], "1703": [["E3.W2", 5, "passenger"], ["S2.W2", 5, "passenger"]], "1704": [["N2.W2", 5, "passenger"]], "1705": [["E3.W2", 5, "passenger"], ["W2.N2", 5, "passenger"]], "1706": [["E3.S2", 5, "passenger"], ["E3.W2", 5, "passenger"]], "1707": [["N2.S2", 5, "passenger"]], "1708": [["S2.N2", 5, "passenger"], ["E3.W2", 5, "passenger"], ["E3.W2", 5, "passenger"]], "1709": [["S2.W2", 5, "passenger"], ["W2.E3", 5, "passenger"]], "1710": [["E3.EXIT32", 5, "passenger"], ["S2.E3", 5, "passenger"], ["W2.E3", 5, "passenger"]], "1711": [["E3.W2", 5, "passenger"], ["W2.E3", 5, "passenger"]], "1712": [], "1713": [], "1714": [["N2.W2", 5, "passenger"]], "1715": [], "1716": [["S2.N2", 5, "passenger"]], "1717": [["W2.E3", 5, "passenger"]], "1718": [["S2.W2", 5, "passenger"]], "1719": [["E3.W2", 5, "passenger"], ["E3.W2", 5, "passenger"]], "1720": [["E3.W2", 5, "passenger"], ["E3.W2", 5, "passenger"], ["N3.W2", 5, "passenger"]], "1721": [["W2.E3", 5, "passenger"], ["W2.E3", 5, "passenger"], ["W2.S3", 5, "passenger"]], "1722": [["E3.S2", 5, "passenger"], ["E3.W2", 5, "passenger"], ["N2.S2", 5, "passenger"], ["W2.E3", 5, "passenger"]], "1723": [], "1724": [["E3.S2", 5, "passenger"], ["E3.W2", 5, "passenger"], ["W2.E3", 5, "passenger"]], "1725": [], "1726": [["N2.S2", 5, "passenger"]], "1727": [], "1728": [], "1729": [], "1730": [["E3.W2", 5, "passenger"]], "1731": [["S2.W2", 5, "passenger"], ["S3.W2", 5, "passenger"]], "1732": [], "1733": [["E3.W2", 5, "passenger"], ["W2.S2", 5, "passenger"]], "1734": [["E3.W2", 5, "passenger"]], "1735": [["S2.W2", 5, "passenger"]], "1736": [["W2.E3", 5, "passenger"]], "1737": [["S3.N2", 5, "passenger"]], "1738": [["E3.W2", 5, "passenger"], ["N2.S2", 5, "passenger"], ["W2.E3", 5, "passenger"], ["W2.E3", 5, "passenger"]], "1739": [["E3.S2", 5, "passenger"]], "1740": [["W2.E3", 5, "passenger"]], "1741": [["S3.W2", 5, "passenger"]], "1742": [["S2.E3", 5, "passenger"], ["W2.E3", 5, "passenger"]], "1743": [["E3.W2", 5, "passenger"]], "1744": [["S2.W2", 5, "passenger"]], "1745": [], "1746": [], "1747": [["S3.W2", 5, "passenger"]], "1748": [], "1749": [["N3.S2", 5, "passenger"]], "1750": [["N2.S2", 5, "passenger"]], "1751": [["N2.W2", 5, "passenger"], ["E3.N3", 5, "passenger"]], "1752": [["W2.E3", 5, "passenger"], ["W2.N2", 5, "passenger"]], "1753": [], "1754": [["W2.EXIT23", 5, "truck"], ["E3.W2", 5, "passenger"]], "1755": [["W2.E3", 5, "passenger"]], "1756": [["N2.S2", 5, "passenger"]], "1757": [["W2.N2", 5, "passenger"]], "1758": [["E3.W2", 5, "passenger"]], "1759": [], "1760": [], "1761": [["W2.E3", 5, "passenger"]], "1762": [["S2.W2", 5, "passenger"]], "1763": [["N2.S2", 5, "passenger"], ["W2.E3", 5, "passenger"]], "1764": [], "1765": [["W2.S3", 5, "passenger"]], "1766": [["N2.S2", 5, "passenger"]], "1767": [["E3.W2", 5, "passenger"], ["W2.N2", 5, "passenger"], ["W2.S2", 5, "passenger"]], "1768": [], "1769": [["N2.S2", 5, "passenger"]], "1770": [["N2.W2", 5, "passenger"], ["E3.W2", 5, "passenger"]], "1771": [["E3.W2", 5, "passenger"], ["W2.S2", 5, "passenger"]], "1772": [], "1773": [], "1774": [["N2.S2", 5, "passenger"], ["W2.E3", 5, "passenger"], ["W2.S2", 5, "passenger"]], "1775": [], "1776": [["E3.W2", 5, "passenger"], ["ENTER23.E3", 5, "passenger"]], "1777": [["E3.W2", 5, "passenger"], ["S2.W2", 5, "passenger"]], "1778": [], "1779": [["E3.W2", 5, "passenger"], ["W2.E3", 5, "passenger"]], "1780": [["E3.N2", 5, "passenger"], ["S2.W2", 5, "passenger"]], "1781": [["E3.S2", 5, "passenger"], ["E3.W2", 5, "passenger"]], "1782": [], "1783": [["N2.W2", 5, "passenger"], ["E3.N2", 5, "passenger"], ["E3.W2", 5, "passenger"], ["S3.W2", 5, "passenger"]], "1784": [["E3.W2", 5, "passenger"]], "1785": [["S2.W2", 5, "passenger"]], "1786": [["W2.S2", 5, "passenger"]], "1787": [], "1788": [["N2.W2", 5, "passenger"], ["E3.W2", 5, "passenger"], ["W2.E3", 5, "passenger"]], "1789": [["E3.W2", 5, "passenger"]], "1790": [["N2.W2", 5, "passenger"], ["E3.N3", 5, "passenger"]], "1791": [["E3.W2", 5, "passenger"], ["W2.E3", 5, "passenger"]], "1792": [["W2.E3", 5, "passenger"]], "1793": [["E3.S2", 5, "passenger"], ["E3.S2", 5, "passenger"]], "1794": [["E3.S2", 5, "passenger"], ["E3.W2", 5, "passenger"], ["W2.E3", 5, "passenger"]], "1795": [], "1796": [], "1797": [], "1798": [["E3.S2", 5, "passenger"], ["E3.W2", 5, "passenger"]], "1799": [], "1800": []}